Process A,Process B,Whole_text_shell_levenshtein
map,fastqctrimmed,0.1501210653753026
map,expressbam,0.1259079903147699
map,salmonSE,0.2372881355932203
map,fastqScreen,0.1864406779661016
map,run_star_se,0.2566585956416465
map,fastqc,0.1501210653753026
map,picard_rna_seq,0.1646489104116223
map,salmon_index_extended,0.1961259079903148
map,fastp_trimming_SE,0.198547215496368
map,starindex,0.198547215496368
map,DRIMSeq,0.2276029055690073
map,samtools_flagstat,0.0750605326876513
map,salmon_quant_se,0.2106537530266343
map,RNA_SeqC,0.1138014527845036
map,star_genome,0.2711864406779661
map,edgeR,0.2276029055690073
map,startPE,0.2566585956416465
map,fastqc 5,0.0629539951573849
map,multiqc 2,0.0823244552058111
map,kallistoQuant,0.0217917675544794
map,salmon_index,0.1912832929782082
map,trim_galore_pe,0.1428571428571429
map,samlon_quant,0.1791767554479418
map,featureCounts 2,0.1912832929782082
map,fastqc 4,0.1186440677966101
map,multiqc 3,0.1452784503631961
map,merge_trimmed_SE,0.0750605326876513
map,trimgaloreSE,0.1961259079903148
map,fastqcrim,0.1186440677966101
map,sort_index_bams,0.0508474576271186
map,fastqc 3,0.1331719128329297
map,fastqc 2,0.1259079903147699
map,rsem_norm,0.2106537530266343
map,featureCounts,0.1961259079903148
map,merge_trimmed_PE,0.1283292978208232
map,trimgalorePE,0.2058111380145278
map,compare_reference_stringtie,0.1065375302663438
map,hisat2,0.0169491525423728
map,sortbam,0.0944309927360774
map,starSE,0.2687651331719128
map,fetch_unique_stringtie,0.1549636803874091
map,bigwig,0.2154566744730679
map,cutadapt 2,0.0242130750605327
map,cutadapt,0.1404358353510896
map,MultiQC,0.1549636803874091
map,salmon_quant_pe,0.2203389830508474
map,tximeta,0.2300242130750605
map,salmon_quant,0.2300242130750605
map,sort_bams,0.072639225181598
map,mark_dups,0.1573849878934624
map,fastp_trimming_PE,0.2300242130750605
map,salmonPE,0.2493946731234867
map,samtools_bam,0.0750605326876513
map,bamindex,0.1331719128329297
map,generate_genome_star_index,0.2518159806295399
map,run_star_pe,0.2518159806295399
map,pass1,0.2289156626506023
map,fastqc_trimmed,0.135593220338983
map,run_multiqc,0.1041162227602905
map,sampleReads,0.1404358353510896
map,pass2,0.2252396166134185
fastqctrimmed,expressbam,0.2232142857142857
fastqctrimmed,salmonSE,0.4399999999999999
fastqctrimmed,fastqScreen,0.2066666666666666
fastqctrimmed,run_star_se,0.2137096774193548
fastqctrimmed,fastqc,1.0
fastqctrimmed,picard_rna_seq,0.1383647798742138
fastqctrimmed,salmon_index_extended,0.2167832167832167
fastqctrimmed,fastp_trimming_SE,0.2517006802721088
fastqctrimmed,starindex,0.1889763779527559
fastqctrimmed,DRIMSeq,0.2056451612903226
fastqctrimmed,samtools_flagstat,0.1875
fastqctrimmed,salmon_quant_se,0.2577319587628865
fastqctrimmed,RNA_SeqC,0.2321428571428571
fastqctrimmed,star_genome,0.183673469387755
fastqctrimmed,edgeR,0.2014925373134328
fastqctrimmed,startPE,0.2477064220183485
fastqctrimmed,fastqc 5,0.2232142857142857
fastqctrimmed,multiqc 2,0.1785714285714286
fastqctrimmed,kallistoQuant,0.0714285714285714
fastqctrimmed,salmon_index,0.2313432835820895
fastqctrimmed,trim_galore_pe,0.2142857142857143
fastqctrimmed,samlon_quant,0.2249999999999999
fastqctrimmed,featureCounts 2,0.2262773722627736
fastqctrimmed,fastqc 4,0.3214285714285714
fastqctrimmed,multiqc 3,0.2589285714285714
fastqctrimmed,merge_trimmed_SE,0.1696428571428571
fastqctrimmed,trimgaloreSE,0.4860335195530726
fastqctrimmed,fastqcrim,0.3214285714285714
fastqctrimmed,sort_index_bams,0.1517857142857143
fastqctrimmed,fastqc 3,0.2678571428571429
fastqctrimmed,fastqc 2,0.2589285714285714
fastqctrimmed,rsem_norm,0.199074074074074
fastqctrimmed,featureCounts,0.2573099415204678
fastqctrimmed,merge_trimmed_PE,0.3125
fastqctrimmed,trimgalorePE,0.4390243902439024
fastqctrimmed,compare_reference_stringtie,0.2857142857142857
fastqctrimmed,hisat2,0.0625
fastqctrimmed,sortbam,0.2232142857142857
fastqctrimmed,starSE,0.2604501607717041
fastqctrimmed,fetch_unique_stringtie,0.2142857142857143
fastqctrimmed,bigwig,0.2060889929742388
fastqctrimmed,cutadapt 2,0.0714285714285714
fastqctrimmed,cutadapt,0.2321428571428571
fastqctrimmed,MultiQC,0.6140350877192983
fastqctrimmed,salmon_quant_pe,0.2577777777777778
fastqctrimmed,tximeta,0.2289719626168224
fastqctrimmed,salmon_quant,0.2204081632653061
fastqctrimmed,sort_bams,0.1875
fastqctrimmed,mark_dups,0.1195652173913043
fastqctrimmed,fastp_trimming_PE,0.2466367713004484
fastqctrimmed,salmonPE,0.4018264840182648
fastqctrimmed,samtools_bam,0.1785714285714286
fastqctrimmed,bamindex,0.5714285714285714
fastqctrimmed,generate_genome_star_index,0.1875
fastqctrimmed,run_star_pe,0.2115384615384615
fastqctrimmed,pass1,0.1067125645438898
fastqctrimmed,fastqc_trimmed,0.2232142857142857
fastqctrimmed,run_multiqc,0.2232142857142857
fastqctrimmed,sampleReads,0.2053571428571429
fastqctrimmed,pass2,0.1038338658146964
expressbam,salmonSE,0.1949999999999999
expressbam,fastqScreen,0.2466666666666667
expressbam,run_star_se,0.1733870967741935
expressbam,fastqc,0.2232142857142857
expressbam,picard_rna_seq,0.1698113207547169
expressbam,salmon_index_extended,0.2797202797202797
expressbam,fastp_trimming_SE,0.2380952380952381
expressbam,starindex,0.2204724409448819
expressbam,DRIMSeq,0.1532258064516128
expressbam,samtools_flagstat,0.3043478260869565
expressbam,salmon_quant_se,0.2061855670103093
expressbam,RNA_SeqC,0.217391304347826
expressbam,star_genome,0.1496598639455783
expressbam,edgeR,0.1417910447761193
expressbam,startPE,0.1376146788990825
expressbam,fastqc 5,0.217391304347826
expressbam,multiqc 2,0.2463768115942028
expressbam,kallistoQuant,0.0434782608695651
expressbam,salmon_index,0.2910447761194029
expressbam,trim_galore_pe,0.2682926829268293
expressbam,samlon_quant,0.3166666666666666
expressbam,featureCounts 2,0.2773722627737226
expressbam,fastqc 4,0.1884057971014492
expressbam,multiqc 3,0.1999999999999999
expressbam,merge_trimmed_SE,0.2028985507246377
expressbam,trimgaloreSE,0.1620111731843575
expressbam,fastqcrim,0.1884057971014492
expressbam,sort_index_bams,0.1739130434782608
expressbam,fastqc 3,0.2608695652173913
expressbam,fastqc 2,0.1857142857142857
expressbam,rsem_norm,0.1527777777777778
expressbam,featureCounts,0.2339181286549707
expressbam,merge_trimmed_PE,0.1830985915492957
expressbam,trimgalorePE,0.1512195121951219
expressbam,compare_reference_stringtie,0.2463768115942028
expressbam,hisat2,0.0434782608695651
expressbam,sortbam,0.3333333333333333
expressbam,starSE,0.1414790996784566
expressbam,fetch_unique_stringtie,0.3333333333333333
expressbam,bigwig,0.1030444964871194
expressbam,cutadapt 2,0.0579710144927536
expressbam,cutadapt,0.3076923076923077
expressbam,MultiQC,0.1929824561403509
expressbam,salmon_quant_pe,0.1866666666666666
expressbam,tximeta,0.1728971962616822
expressbam,salmon_quant,0.183673469387755
expressbam,sort_bams,0.3188405797101449
expressbam,mark_dups,0.1521739130434782
expressbam,fastp_trimming_PE,0.1973094170403587
expressbam,salmonPE,0.1872146118721461
expressbam,samtools_bam,0.3478260869565217
expressbam,bamindex,0.1888888888888888
expressbam,generate_genome_star_index,0.1778846153846154
expressbam,run_star_pe,0.1692307692307691
expressbam,pass1,0.0808950086058519
expressbam,fastqc_trimmed,0.2051282051282051
expressbam,run_multiqc,0.1739130434782608
expressbam,sampleReads,0.2409638554216867
expressbam,pass2,0.0766773162939297
salmonSE,fastqScreen,0.2299999999999999
salmonSE,run_star_se,0.2338709677419355
salmonSE,fastqc,0.4399999999999999
salmonSE,picard_rna_seq,0.15
salmonSE,salmon_index_extended,0.31
salmonSE,fastp_trimming_SE,0.24
salmonSE,starindex,0.1899999999999999
salmonSE,DRIMSeq,0.217741935483871
salmonSE,samtools_flagstat,0.14
salmonSE,salmon_quant_se,0.265
salmonSE,RNA_SeqC,0.1999999999999999
salmonSE,star_genome,0.2244897959183673
salmonSE,edgeR,0.2201492537313433
salmonSE,startPE,0.4342507645259938
salmonSE,fastqc 5,0.1049999999999999
salmonSE,multiqc 2,0.13
salmonSE,kallistoQuant,0.045
salmonSE,salmon_index,0.3249999999999999
salmonSE,trim_galore_pe,0.2299999999999999
salmonSE,samlon_quant,0.3249999999999999
salmonSE,featureCounts 2,0.29
salmonSE,fastqc 4,0.185
salmonSE,multiqc 3,0.28
salmonSE,merge_trimmed_SE,0.145
salmonSE,trimgaloreSE,0.375
salmonSE,fastqcrim,0.185
salmonSE,sort_index_bams,0.0999999999999999
salmonSE,fastqc 3,0.25
salmonSE,fastqc 2,0.185
salmonSE,rsem_norm,0.2083333333333333
salmonSE,featureCounts,0.1999999999999999
salmonSE,merge_trimmed_PE,0.2149999999999999
salmonSE,trimgalorePE,0.3414634146341463
salmonSE,compare_reference_stringtie,0.185
salmonSE,hisat2,0.035
salmonSE,sortbam,0.14
salmonSE,starSE,0.4501607717041801
salmonSE,fetch_unique_stringtie,0.2249999999999999
salmonSE,bigwig,0.3185011709601874
salmonSE,cutadapt 2,0.045
salmonSE,cutadapt,0.185
salmonSE,MultiQC,0.425
salmonSE,salmon_quant_pe,0.2622222222222222
salmonSE,tximeta,0.2336448598130841
salmonSE,salmon_quant,0.3020408163265305
salmonSE,sort_bams,0.14
salmonSE,mark_dups,0.0949999999999999
salmonSE,fastp_trimming_PE,0.2197309417040358
salmonSE,salmonPE,0.908675799086758
salmonSE,samtools_bam,0.135
salmonSE,bamindex,0.35
salmonSE,generate_genome_star_index,0.1778846153846154
salmonSE,run_star_pe,0.2346153846153846
salmonSE,pass1,0.1583476764199656
salmonSE,fastqc_trimmed,0.1999999999999999
salmonSE,run_multiqc,0.165
salmonSE,sampleReads,0.235
salmonSE,pass2,0.1549520766773162
fastqScreen,run_star_se,0.2782258064516129
fastqScreen,fastqc,0.2066666666666666
fastqScreen,picard_rna_seq,0.150943396226415
fastqScreen,salmon_index_extended,0.2266666666666666
fastqScreen,fastp_trimming_SE,0.2266666666666666
fastqScreen,starindex,0.1866666666666666
fastqScreen,DRIMSeq,0.2943548387096774
fastqScreen,samtools_flagstat,0.18
fastqScreen,salmon_quant_se,0.2938144329896907
fastqScreen,RNA_SeqC,0.2333333333333332
fastqScreen,star_genome,0.217687074829932
fastqScreen,edgeR,0.2723880597014925
fastqScreen,startPE,0.2140672782874617
fastqScreen,fastqc 5,0.1466666666666666
fastqScreen,multiqc 2,0.18
fastqScreen,kallistoQuant,0.04
fastqScreen,salmon_index,0.24
fastqScreen,trim_galore_pe,0.2466666666666667
fastqScreen,samlon_quant,0.2266666666666666
fastqScreen,featureCounts 2,0.24
fastqScreen,fastqc 4,0.26
fastqScreen,multiqc 3,0.2466666666666667
fastqScreen,merge_trimmed_SE,0.1933333333333333
fastqScreen,trimgaloreSE,0.2122905027932961
fastqScreen,fastqcrim,0.26
fastqScreen,sort_index_bams,0.0999999999999999
fastqScreen,fastqc 3,0.24
fastqScreen,fastqc 2,0.28
fastqScreen,rsem_norm,0.2129629629629629
fastqScreen,featureCounts,0.239766081871345
fastqScreen,merge_trimmed_PE,0.2866666666666666
fastqScreen,trimgalorePE,0.2390243902439024
fastqScreen,compare_reference_stringtie,0.1999999999999999
fastqScreen,hisat2,0.0333333333333333
fastqScreen,sortbam,0.2266666666666666
fastqScreen,starSE,0.2122186495176848
fastqScreen,fetch_unique_stringtie,0.24
fastqScreen,bigwig,0.1615925058548009
fastqScreen,cutadapt 2,0.06
fastqScreen,cutadapt,0.24
fastqScreen,MultiQC,0.18
fastqScreen,salmon_quant_pe,0.2711111111111111
fastqScreen,tximeta,0.2429906542056075
fastqScreen,salmon_quant,0.2897959183673469
fastqScreen,sort_bams,0.1733333333333333
fastqScreen,mark_dups,0.125
fastqScreen,fastp_trimming_PE,0.2959641255605381
fastqScreen,salmonPE,0.2237442922374429
fastqScreen,samtools_bam,0.1666666666666666
fastqScreen,bamindex,0.2133333333333333
fastqScreen,generate_genome_star_index,0.2067307692307692
fastqScreen,run_star_pe,0.2653846153846153
fastqScreen,pass1,0.1480206540447504
fastqScreen,fastqc_trimmed,0.2733333333333333
fastqScreen,run_multiqc,0.18
fastqScreen,sampleReads,0.3333333333333333
fastqScreen,pass2,0.1389776357827475
run_star_se,fastqc,0.2137096774193548
run_star_se,picard_rna_seq,0.1935483870967742
run_star_se,salmon_index_extended,0.3185483870967742
run_star_se,fastp_trimming_SE,0.2983870967741935
run_star_se,starindex,0.2217741935483871
run_star_se,DRIMSeq,0.2056451612903226
run_star_se,samtools_flagstat,0.1169354838709677
run_star_se,salmon_quant_se,0.4233870967741935
run_star_se,RNA_SeqC,0.1975806451612903
run_star_se,star_genome,0.3197278911564626
run_star_se,edgeR,0.2014925373134328
run_star_se,startPE,0.3394495412844036
run_star_se,fastqc 5,0.1008064516129032
run_star_se,multiqc 2,0.1169354838709677
run_star_se,kallistoQuant,0.0362903225806451
run_star_se,salmon_index,0.2943548387096774
run_star_se,trim_galore_pe,0.2379032258064516
run_star_se,samlon_quant,0.2620967741935484
run_star_se,featureCounts 2,0.3104838709677419
run_star_se,fastqc 4,0.2016129032258065
run_star_se,multiqc 3,0.2741935483870967
run_star_se,merge_trimmed_SE,0.1209677419354838
run_star_se,trimgaloreSE,0.2217741935483871
run_star_se,fastqcrim,0.2016129032258065
run_star_se,sort_index_bams,0.0806451612903226
run_star_se,fastqc 3,0.2217741935483871
run_star_se,fastqc 2,0.1935483870967742
run_star_se,rsem_norm,0.2741935483870967
run_star_se,featureCounts,0.217741935483871
run_star_se,merge_trimmed_PE,0.2137096774193548
run_star_se,trimgalorePE,0.1935483870967742
run_star_se,compare_reference_stringtie,0.1814516129032257
run_star_se,hisat2,0.0282258064516128
run_star_se,sortbam,0.1411290322580645
run_star_se,starSE,0.3569131832797427
run_star_se,fetch_unique_stringtie,0.2258064516129032
run_star_se,bigwig,0.2107728337236534
run_star_se,cutadapt 2,0.0403225806451612
run_star_se,cutadapt,0.2056451612903226
run_star_se,MultiQC,0.2298387096774193
run_star_se,salmon_quant_pe,0.3991935483870967
run_star_se,tximeta,0.2217741935483871
run_star_se,salmon_quant,0.3709677419354839
run_star_se,sort_bams,0.1129032258064516
run_star_se,mark_dups,0.1653225806451612
run_star_se,fastp_trimming_PE,0.25
run_star_se,salmonPE,0.217741935483871
run_star_se,samtools_bam,0.1169354838709677
run_star_se,bamindex,0.1653225806451612
run_star_se,generate_genome_star_index,0.2741935483870967
run_star_se,run_star_pe,0.9538461538461538
run_star_se,pass1,0.2667814113597246
run_star_se,fastqc_trimmed,0.2137096774193548
run_star_se,run_multiqc,0.1491935483870967
run_star_se,sampleReads,0.217741935483871
run_star_se,pass2,0.255591054313099
fastqc,picard_rna_seq,0.1383647798742138
fastqc,salmon_index_extended,0.2167832167832167
fastqc,fastp_trimming_SE,0.2517006802721088
fastqc,starindex,0.1889763779527559
fastqc,DRIMSeq,0.2056451612903226
fastqc,samtools_flagstat,0.1875
fastqc,salmon_quant_se,0.2577319587628865
fastqc,RNA_SeqC,0.2321428571428571
fastqc,star_genome,0.183673469387755
fastqc,edgeR,0.2014925373134328
fastqc,startPE,0.2477064220183485
fastqc,fastqc 5,0.2232142857142857
fastqc,multiqc 2,0.1785714285714286
fastqc,kallistoQuant,0.0714285714285714
fastqc,salmon_index,0.2313432835820895
fastqc,trim_galore_pe,0.2142857142857143
fastqc,samlon_quant,0.2249999999999999
fastqc,featureCounts 2,0.2262773722627736
fastqc,fastqc 4,0.3214285714285714
fastqc,multiqc 3,0.2589285714285714
fastqc,merge_trimmed_SE,0.1696428571428571
fastqc,trimgaloreSE,0.4860335195530726
fastqc,fastqcrim,0.3214285714285714
fastqc,sort_index_bams,0.1517857142857143
fastqc,fastqc 3,0.2678571428571429
fastqc,fastqc 2,0.2589285714285714
fastqc,rsem_norm,0.199074074074074
fastqc,featureCounts,0.2573099415204678
fastqc,merge_trimmed_PE,0.3125
fastqc,trimgalorePE,0.4390243902439024
fastqc,compare_reference_stringtie,0.2857142857142857
fastqc,hisat2,0.0625
fastqc,sortbam,0.2232142857142857
fastqc,starSE,0.2604501607717041
fastqc,fetch_unique_stringtie,0.2142857142857143
fastqc,bigwig,0.2060889929742388
fastqc,cutadapt 2,0.0714285714285714
fastqc,cutadapt,0.2321428571428571
fastqc,MultiQC,0.6140350877192983
fastqc,salmon_quant_pe,0.2577777777777778
fastqc,tximeta,0.2289719626168224
fastqc,salmon_quant,0.2204081632653061
fastqc,sort_bams,0.1875
fastqc,mark_dups,0.1195652173913043
fastqc,fastp_trimming_PE,0.2466367713004484
fastqc,salmonPE,0.4018264840182648
fastqc,samtools_bam,0.1785714285714286
fastqc,bamindex,0.5714285714285714
fastqc,generate_genome_star_index,0.1875
fastqc,run_star_pe,0.2115384615384615
fastqc,pass1,0.1067125645438898
fastqc,fastqc_trimmed,0.2232142857142857
fastqc,run_multiqc,0.2232142857142857
fastqc,sampleReads,0.2053571428571429
fastqc,pass2,0.1038338658146964
picard_rna_seq,salmon_index_extended,0.1698113207547169
picard_rna_seq,fastp_trimming_SE,0.1698113207547169
picard_rna_seq,starindex,0.1572327044025157
picard_rna_seq,DRIMSeq,0.2056451612903226
picard_rna_seq,samtools_flagstat,0.1572327044025157
picard_rna_seq,salmon_quant_se,0.1804123711340206
picard_rna_seq,RNA_SeqC,0.1886792452830188
picard_rna_seq,star_genome,0.1904761904761904
picard_rna_seq,edgeR,0.2052238805970149
picard_rna_seq,startPE,0.1651376146788991
picard_rna_seq,fastqc 5,0.1194968553459119
picard_rna_seq,multiqc 2,0.1383647798742138
picard_rna_seq,kallistoQuant,0.0440251572327043
picard_rna_seq,salmon_index,0.1949685534591194
picard_rna_seq,trim_galore_pe,0.20125786163522
picard_rna_seq,samlon_quant,0.2075471698113207
picard_rna_seq,featureCounts 2,0.20125786163522
picard_rna_seq,fastqc 4,0.150943396226415
picard_rna_seq,multiqc 3,0.1823899371069182
picard_rna_seq,merge_trimmed_SE,0.150943396226415
picard_rna_seq,trimgaloreSE,0.1284916201117318
picard_rna_seq,fastqcrim,0.150943396226415
picard_rna_seq,sort_index_bams,0.10062893081761
picard_rna_seq,fastqc 3,0.20125786163522
picard_rna_seq,fastqc 2,0.1823899371069182
picard_rna_seq,rsem_norm,0.1435185185185185
picard_rna_seq,featureCounts,0.1169590643274853
picard_rna_seq,merge_trimmed_PE,0.1949685534591194
picard_rna_seq,trimgalorePE,0.1463414634146341
picard_rna_seq,compare_reference_stringtie,0.1572327044025157
picard_rna_seq,hisat2,0.0440251572327043
picard_rna_seq,sortbam,0.1194968553459119
picard_rna_seq,starSE,0.1704180064308681
picard_rna_seq,fetch_unique_stringtie,0.2264150943396226
picard_rna_seq,bigwig,0.1498829039812647
picard_rna_seq,cutadapt 2,0.0440251572327043
picard_rna_seq,cutadapt,0.1572327044025157
picard_rna_seq,MultiQC,0.1383647798742138
picard_rna_seq,salmon_quant_pe,0.1911111111111111
picard_rna_seq,tximeta,0.205607476635514
picard_rna_seq,salmon_quant,0.2081632653061225
picard_rna_seq,sort_bams,0.1383647798742138
picard_rna_seq,mark_dups,0.2010869565217391
picard_rna_seq,fastp_trimming_PE,0.2062780269058296
picard_rna_seq,salmonPE,0.1598173515981735
picard_rna_seq,samtools_bam,0.150943396226415
picard_rna_seq,bamindex,0.1446540880503144
picard_rna_seq,generate_genome_star_index,0.1826923076923077
picard_rna_seq,run_star_pe,0.1923076923076923
picard_rna_seq,pass1,0.1359724612736661
picard_rna_seq,fastqc_trimmed,0.1886792452830188
picard_rna_seq,run_multiqc,0.1257861635220125
picard_rna_seq,sampleReads,0.1823899371069182
picard_rna_seq,pass2,0.1293929712460063
salmon_index_extended,fastp_trimming_SE,0.3129251700680272
salmon_index_extended,starindex,0.1888111888111888
salmon_index_extended,DRIMSeq,0.2862903225806451
salmon_index_extended,samtools_flagstat,0.1608391608391608
salmon_index_extended,salmon_quant_se,0.3505154639175257
salmon_index_extended,RNA_SeqC,0.2657342657342657
salmon_index_extended,star_genome,0.2619047619047618
salmon_index_extended,edgeR,0.2649253731343284
salmon_index_extended,startPE,0.2140672782874617
salmon_index_extended,fastqc 5,0.1328671328671329
salmon_index_extended,multiqc 2,0.1818181818181817
salmon_index_extended,kallistoQuant,0.0559440559440559
salmon_index_extended,salmon_index,0.8951048951048951
salmon_index_extended,trim_galore_pe,0.3426573426573427
salmon_index_extended,samlon_quant,0.3636363636363636
salmon_index_extended,featureCounts 2,0.2867132867132866
salmon_index_extended,fastqc 4,0.2237762237762237
salmon_index_extended,multiqc 3,0.3636363636363636
salmon_index_extended,merge_trimmed_SE,0.1678321678321678
salmon_index_extended,trimgaloreSE,0.2011173184357542
salmon_index_extended,fastqcrim,0.2237762237762237
salmon_index_extended,sort_index_bams,0.1258741258741258
salmon_index_extended,fastqc 3,0.3146853146853147
salmon_index_extended,fastqc 2,0.2797202797202797
salmon_index_extended,rsem_norm,0.3287037037037037
salmon_index_extended,featureCounts,0.2222222222222222
salmon_index_extended,merge_trimmed_PE,0.2657342657342657
salmon_index_extended,trimgalorePE,0.1902439024390243
salmon_index_extended,compare_reference_stringtie,0.2517482517482518
salmon_index_extended,hisat2,0.034965034965035
salmon_index_extended,sortbam,0.2027972027972028
salmon_index_extended,starSE,0.2186495176848875
salmon_index_extended,fetch_unique_stringtie,0.3216783216783216
salmon_index_extended,bigwig,0.1850117096018735
salmon_index_extended,cutadapt 2,0.0559440559440559
salmon_index_extended,cutadapt,0.2587412587412587
salmon_index_extended,MultiQC,0.2237762237762237
salmon_index_extended,salmon_quant_pe,0.3422222222222222
salmon_index_extended,tximeta,0.322429906542056
salmon_index_extended,salmon_quant,0.3836734693877551
salmon_index_extended,sort_bams,0.1678321678321678
salmon_index_extended,mark_dups,0.1521739130434782
salmon_index_extended,fastp_trimming_PE,0.3183856502242153
salmon_index_extended,salmonPE,0.3105022831050228
salmon_index_extended,samtools_bam,0.1678321678321678
salmon_index_extended,bamindex,0.2167832167832167
salmon_index_extended,generate_genome_star_index,0.2884615384615384
salmon_index_extended,run_star_pe,0.323076923076923
salmon_index_extended,pass1,0.1600688468158347
salmon_index_extended,fastqc_trimmed,0.2727272727272727
salmon_index_extended,run_multiqc,0.2307692307692307
salmon_index_extended,sampleReads,0.2587412587412587
salmon_index_extended,pass2,0.1565495207667732
fastp_trimming_SE,starindex,0.183673469387755
fastp_trimming_SE,DRIMSeq,0.2258064516129032
fastp_trimming_SE,samtools_flagstat,0.1632653061224489
fastp_trimming_SE,salmon_quant_se,0.3144329896907216
fastp_trimming_SE,RNA_SeqC,0.2380952380952381
fastp_trimming_SE,star_genome,0.227891156462585
fastp_trimming_SE,edgeR,0.2238805970149253
fastp_trimming_SE,startPE,0.1926605504587155
fastp_trimming_SE,fastqc 5,0.1564625850340135
fastp_trimming_SE,multiqc 2,0.1632653061224489
fastp_trimming_SE,kallistoQuant,0.0408163265306122
fastp_trimming_SE,salmon_index,0.3401360544217687
fastp_trimming_SE,trim_galore_pe,0.2925170068027211
fastp_trimming_SE,samlon_quant,0.3197278911564626
fastp_trimming_SE,featureCounts 2,0.3197278911564626
fastp_trimming_SE,fastqc 4,0.2040816326530612
fastp_trimming_SE,multiqc 3,0.2857142857142857
fastp_trimming_SE,merge_trimmed_SE,0.1768707482993197
fastp_trimming_SE,trimgaloreSE,0.1787709497206704
fastp_trimming_SE,fastqcrim,0.2040816326530612
fastp_trimming_SE,sort_index_bams,0.0952380952380952
fastp_trimming_SE,fastqc 3,0.2721088435374149
fastp_trimming_SE,fastqc 2,0.2993197278911564
fastp_trimming_SE,rsem_norm,0.2407407407407407
fastp_trimming_SE,featureCounts,0.2631578947368421
fastp_trimming_SE,merge_trimmed_PE,0.3061224489795918
fastp_trimming_SE,trimgalorePE,0.1853658536585366
fastp_trimming_SE,compare_reference_stringtie,0.2040816326530612
fastp_trimming_SE,hisat2,0.0340136054421769
fastp_trimming_SE,sortbam,0.2040816326530612
fastp_trimming_SE,starSE,0.1864951768488746
fastp_trimming_SE,fetch_unique_stringtie,0.2653061224489795
fastp_trimming_SE,bigwig,0.1545667447306791
fastp_trimming_SE,cutadapt 2,0.0544217687074829
fastp_trimming_SE,cutadapt,0.2789115646258503
fastp_trimming_SE,MultiQC,0.217687074829932
fastp_trimming_SE,salmon_quant_pe,0.3377777777777777
fastp_trimming_SE,tximeta,0.2663551401869158
fastp_trimming_SE,salmon_quant,0.3142857142857143
fastp_trimming_SE,sort_bams,0.1700680272108843
fastp_trimming_SE,mark_dups,0.1521739130434782
fastp_trimming_SE,fastp_trimming_PE,0.6591928251121076
fastp_trimming_SE,salmonPE,0.2465753424657534
fastp_trimming_SE,samtools_bam,0.1632653061224489
fastp_trimming_SE,bamindex,0.1700680272108843
fastp_trimming_SE,generate_genome_star_index,0.2451923076923077
fastp_trimming_SE,run_star_pe,0.3076923076923077
fastp_trimming_SE,pass1,0.1549053356282271
fastp_trimming_SE,fastqc_trimmed,0.3129251700680272
fastp_trimming_SE,run_multiqc,0.2040816326530612
fastp_trimming_SE,sampleReads,0.2585034013605441
fastp_trimming_SE,pass2,0.145367412140575
starindex,DRIMSeq,0.2258064516129032
starindex,samtools_flagstat,0.1732283464566929
starindex,salmon_quant_se,0.190721649484536
starindex,RNA_SeqC,0.1653543307086614
starindex,star_genome,0.2687074829931972
starindex,edgeR,0.2201492537313433
starindex,startPE,0.1957186544342507
starindex,fastqc 5,0.1574803149606299
starindex,multiqc 2,0.1496062992125983
starindex,kallistoQuant,0.0393700787401575
starindex,salmon_index,0.1567164179104477
starindex,trim_galore_pe,0.2283464566929134
starindex,samlon_quant,0.1102362204724409
starindex,featureCounts 2,0.145985401459854
starindex,fastqc 4,0.2598425196850393
starindex,multiqc 3,0.1732283464566929
starindex,merge_trimmed_SE,0.1417322834645669
starindex,trimgaloreSE,0.2290502793296089
starindex,fastqcrim,0.2598425196850393
starindex,sort_index_bams,0.1259842519685039
starindex,fastqc 3,0.1968503937007873
starindex,fastqc 2,0.2204724409448819
starindex,rsem_norm,0.2268518518518518
starindex,featureCounts,0.1871345029239766
starindex,merge_trimmed_PE,0.1732283464566929
starindex,trimgalorePE,0.2195121951219512
starindex,compare_reference_stringtie,0.2362204724409449
starindex,hisat2,0.0393700787401575
starindex,sortbam,0.2204724409448819
starindex,starSE,0.202572347266881
starindex,fetch_unique_stringtie,0.2125984251968503
starindex,bigwig,0.1358313817330211
starindex,cutadapt 2,0.0551181102362204
starindex,cutadapt,0.1968503937007873
starindex,MultiQC,0.1811023622047244
starindex,salmon_quant_pe,0.2088888888888889
starindex,tximeta,0.2383177570093457
starindex,salmon_quant,0.2367346938775509
starindex,sort_bams,0.1889763779527559
starindex,mark_dups,0.1032608695652174
starindex,fastp_trimming_PE,0.1838565022421524
starindex,salmonPE,0.1917808219178082
starindex,samtools_bam,0.1811023622047244
starindex,bamindex,0.2204724409448819
starindex,generate_genome_star_index,0.3173076923076923
starindex,run_star_pe,0.2192307692307692
starindex,pass1,0.1273666092943201
starindex,fastqc_trimmed,0.1968503937007873
starindex,run_multiqc,0.1889763779527559
starindex,sampleReads,0.1496062992125983
starindex,pass2,0.1230031948881789
DRIMSeq,samtools_flagstat,0.1209677419354838
DRIMSeq,salmon_quant_se,0.2419354838709677
DRIMSeq,RNA_SeqC,0.1733870967741935
DRIMSeq,star_genome,0.217687074829932
DRIMSeq,edgeR,0.8208955223880597
DRIMSeq,startPE,0.2415902140672783
DRIMSeq,fastqc 5,0.1008064516129032
DRIMSeq,multiqc 2,0.1088709677419355
DRIMSeq,kallistoQuant,0.032258064516129
DRIMSeq,salmon_index,0.2701612903225806
DRIMSeq,trim_galore_pe,0.1935483870967742
DRIMSeq,samlon_quant,0.2137096774193548
DRIMSeq,featureCounts 2,0.2258064516129032
DRIMSeq,fastqc 4,0.1814516129032257
DRIMSeq,multiqc 3,0.2217741935483871
DRIMSeq,merge_trimmed_SE,0.1209677419354838
DRIMSeq,trimgaloreSE,0.2137096774193548
DRIMSeq,fastqcrim,0.1814516129032257
DRIMSeq,sort_index_bams,0.0806451612903226
DRIMSeq,fastqc 3,0.1895161290322581
DRIMSeq,fastqc 2,0.1854838709677418
DRIMSeq,rsem_norm,0.1935483870967742
DRIMSeq,featureCounts,0.2258064516129032
DRIMSeq,merge_trimmed_PE,0.1895161290322581
DRIMSeq,trimgalorePE,0.2096774193548387
DRIMSeq,compare_reference_stringtie,0.1733870967741935
DRIMSeq,hisat2,0.0241935483870967
DRIMSeq,sortbam,0.1330645161290322
DRIMSeq,starSE,0.2411575562700965
DRIMSeq,fetch_unique_stringtie,0.2379032258064516
DRIMSeq,bigwig,0.2248243559718969
DRIMSeq,cutadapt 2,0.0362903225806451
DRIMSeq,cutadapt,0.1733870967741935
DRIMSeq,MultiQC,0.2016129032258065
DRIMSeq,salmon_quant_pe,0.2096774193548387
DRIMSeq,tximeta,0.4919354838709677
DRIMSeq,salmon_quant,0.2298387096774193
DRIMSeq,sort_bams,0.1129032258064516
DRIMSeq,mark_dups,0.1693548387096773
DRIMSeq,fastp_trimming_PE,0.1895161290322581
DRIMSeq,salmonPE,0.1774193548387096
DRIMSeq,samtools_bam,0.1088709677419355
DRIMSeq,bamindex,0.1774193548387096
DRIMSeq,generate_genome_star_index,0.1774193548387096
DRIMSeq,run_star_pe,0.223076923076923
DRIMSeq,pass1,0.1738382099827883
DRIMSeq,fastqc_trimmed,0.1975806451612903
DRIMSeq,run_multiqc,0.157258064516129
DRIMSeq,sampleReads,0.217741935483871
DRIMSeq,pass2,0.1693290734824281
samtools_flagstat,salmon_quant_se,0.1443298969072165
samtools_flagstat,RNA_SeqC,0.196969696969697
samtools_flagstat,star_genome,0.0986394557823129
samtools_flagstat,edgeR,0.1119402985074626
samtools_flagstat,startPE,0.0886850152905198
samtools_flagstat,fastqc 5,0.2439024390243902
samtools_flagstat,multiqc 2,0.1555555555555555
samtools_flagstat,kallistoQuant,0.1666666666666666
samtools_flagstat,salmon_index,0.1791044776119402
samtools_flagstat,trim_galore_pe,0.2560975609756097
samtools_flagstat,samlon_quant,0.1916666666666666
samtools_flagstat,featureCounts 2,0.1824817518248175
samtools_flagstat,fastqc 4,0.234375
samtools_flagstat,multiqc 3,0.2117647058823529
samtools_flagstat,merge_trimmed_SE,0.2777777777777778
samtools_flagstat,trimgaloreSE,0.1340782122905027
samtools_flagstat,fastqcrim,0.234375
samtools_flagstat,sort_index_bams,0.4722222222222222
samtools_flagstat,fastqc 3,0.3043478260869565
samtools_flagstat,fastqc 2,0.2428571428571428
samtools_flagstat,rsem_norm,0.125
samtools_flagstat,featureCounts,0.1695906432748538
samtools_flagstat,merge_trimmed_PE,0.3098591549295775
samtools_flagstat,trimgalorePE,0.1268292682926829
samtools_flagstat,compare_reference_stringtie,0.2280701754385965
samtools_flagstat,hisat2,0.0833333333333333
samtools_flagstat,sortbam,0.25
samtools_flagstat,starSE,0.0836012861736335
samtools_flagstat,fetch_unique_stringtie,0.2873563218390804
samtools_flagstat,bigwig,0.072599531615925
samtools_flagstat,cutadapt 2,0.1388888888888888
samtools_flagstat,cutadapt,0.2197802197802197
samtools_flagstat,MultiQC,0.2105263157894736
samtools_flagstat,salmon_quant_pe,0.1333333333333333
samtools_flagstat,tximeta,0.1355140186915887
samtools_flagstat,salmon_quant,0.1265306122448979
samtools_flagstat,sort_bams,0.7777777777777778
samtools_flagstat,mark_dups,0.1304347826086956
samtools_flagstat,fastp_trimming_PE,0.1210762331838565
samtools_flagstat,salmonPE,0.1324200913242009
samtools_flagstat,samtools_bam,0.7777777777777778
samtools_flagstat,bamindex,0.2666666666666667
samtools_flagstat,generate_genome_star_index,0.1153846153846154
samtools_flagstat,run_star_pe,0.1115384615384615
samtools_flagstat,pass1,0.0464716006884681
samtools_flagstat,fastqc_trimmed,0.2307692307692307
samtools_flagstat,run_multiqc,0.175438596491228
samtools_flagstat,sampleReads,0.3132530120481928
samtools_flagstat,pass2,0.0447284345047923
salmon_quant_se,RNA_SeqC,0.2061855670103093
salmon_quant_se,star_genome,0.3027210884353741
salmon_quant_se,edgeR,0.2649253731343284
salmon_quant_se,startPE,0.2782874617737003
salmon_quant_se,fastqc 5,0.1134020618556701
salmon_quant_se,multiqc 2,0.1443298969072165
salmon_quant_se,kallistoQuant,0.0463917525773195
salmon_quant_se,salmon_index,0.3865979381443298
salmon_quant_se,trim_galore_pe,0.2989690721649485
salmon_quant_se,samlon_quant,0.4278350515463918
salmon_quant_se,featureCounts 2,0.3350515463917526
salmon_quant_se,fastqc 4,0.2010309278350515
salmon_quant_se,multiqc 3,0.3350515463917526
salmon_quant_se,merge_trimmed_SE,0.1391752577319587
salmon_quant_se,trimgaloreSE,0.190721649484536
salmon_quant_se,fastqcrim,0.2010309278350515
salmon_quant_se,sort_index_bams,0.0927835051546391
salmon_quant_se,fastqc 3,0.2783505154639175
salmon_quant_se,fastqc 2,0.2268041237113401
salmon_quant_se,rsem_norm,0.2731481481481481
salmon_quant_se,featureCounts,0.2783505154639175
salmon_quant_se,merge_trimmed_PE,0.2577319587628865
salmon_quant_se,trimgalorePE,0.1804878048780488
salmon_quant_se,compare_reference_stringtie,0.2061855670103093
salmon_quant_se,hisat2,0.0309278350515463
salmon_quant_se,sortbam,0.1443298969072165
salmon_quant_se,starSE,0.2861736334405145
salmon_quant_se,fetch_unique_stringtie,0.2731958762886598
salmon_quant_se,bigwig,0.2014051522248243
salmon_quant_se,cutadapt 2,0.0463917525773195
salmon_quant_se,cutadapt,0.2731958762886598
salmon_quant_se,MultiQC,0.2938144329896907
salmon_quant_se,salmon_quant_pe,0.8577777777777778
salmon_quant_se,tximeta,0.2616822429906542
salmon_quant_se,salmon_quant,0.7020408163265306
salmon_quant_se,sort_bams,0.1443298969072165
salmon_quant_se,mark_dups,0.134020618556701
salmon_quant_se,fastp_trimming_PE,0.3139013452914798
salmon_quant_se,salmonPE,0.2876712328767123
salmon_quant_se,samtools_bam,0.1443298969072165
salmon_quant_se,bamindex,0.1958762886597937
salmon_quant_se,generate_genome_star_index,0.25
salmon_quant_se,run_star_pe,0.4230769230769231
salmon_quant_se,pass1,0.1962134251290878
salmon_quant_se,fastqc_trimmed,0.2422680412371134
salmon_quant_se,run_multiqc,0.1649484536082474
salmon_quant_se,sampleReads,0.2577319587628865
salmon_quant_se,pass2,0.1900958466453673
RNA_SeqC,star_genome,0.1666666666666666
RNA_SeqC,edgeR,0.1641791044776119
RNA_SeqC,startPE,0.1529051987767584
RNA_SeqC,fastqc 5,0.1212121212121212
RNA_SeqC,multiqc 2,0.2878787878787878
RNA_SeqC,kallistoQuant,0.0606060606060605
RNA_SeqC,salmon_index,0.2835820895522388
RNA_SeqC,trim_galore_pe,0.2317073170731707
RNA_SeqC,samlon_quant,0.2583333333333333
RNA_SeqC,featureCounts 2,0.2773722627737226
RNA_SeqC,fastqc 4,0.409090909090909
RNA_SeqC,multiqc 3,0.2705882352941177
RNA_SeqC,merge_trimmed_SE,0.2272727272727273
RNA_SeqC,trimgaloreSE,0.1787709497206704
RNA_SeqC,fastqcrim,0.409090909090909
RNA_SeqC,sort_index_bams,0.1515151515151515
RNA_SeqC,fastqc 3,0.1594202898550725
RNA_SeqC,fastqc 2,0.2857142857142857
RNA_SeqC,rsem_norm,0.1712962962962962
RNA_SeqC,featureCounts,0.175438596491228
RNA_SeqC,merge_trimmed_PE,0.2253521126760563
RNA_SeqC,trimgalorePE,0.1707317073170732
RNA_SeqC,compare_reference_stringtie,0.2424242424242424
RNA_SeqC,hisat2,0.0454545454545454
RNA_SeqC,sortbam,0.1212121212121212
RNA_SeqC,starSE,0.1479099678456591
RNA_SeqC,fetch_unique_stringtie,0.3333333333333333
RNA_SeqC,bigwig,0.1100702576112412
RNA_SeqC,cutadapt 2,0.0909090909090909
RNA_SeqC,cutadapt,0.1318681318681318
RNA_SeqC,MultiQC,0.2192982456140351
RNA_SeqC,salmon_quant_pe,0.1999999999999999
RNA_SeqC,tximeta,0.1822429906542055
RNA_SeqC,salmon_quant,0.1755102040816326
RNA_SeqC,sort_bams,0.196969696969697
RNA_SeqC,mark_dups,0.1684782608695652
RNA_SeqC,fastp_trimming_PE,0.1883408071748878
RNA_SeqC,salmonPE,0.2009132420091324
RNA_SeqC,samtools_bam,0.1818181818181817
RNA_SeqC,bamindex,0.1444444444444445
RNA_SeqC,generate_genome_star_index,0.1971153846153845
RNA_SeqC,run_star_pe,0.2076923076923077
RNA_SeqC,pass1,0.0946643717728055
RNA_SeqC,fastqc_trimmed,0.2948717948717948
RNA_SeqC,run_multiqc,0.2121212121212121
RNA_SeqC,sampleReads,0.2891566265060241
RNA_SeqC,pass2,0.0894568690095847
star_genome,edgeR,0.1802721088435374
star_genome,startPE,0.2293577981651375
star_genome,fastqc 5,0.0850340136054421
star_genome,multiqc 2,0.0986394557823129
star_genome,kallistoQuant,0.0272108843537415
star_genome,salmon_index,0.2619047619047618
star_genome,trim_galore_pe,0.2074829931972789
star_genome,samlon_quant,0.2551020408163265
star_genome,featureCounts 2,0.2312925170068027
star_genome,fastqc 4,0.1496598639455783
star_genome,multiqc 3,0.1768707482993197
star_genome,merge_trimmed_SE,0.0884353741496598
star_genome,trimgaloreSE,0.2074829931972789
star_genome,fastqcrim,0.1496598639455783
star_genome,sort_index_bams,0.0714285714285714
star_genome,fastqc 3,0.1700680272108843
star_genome,fastqc 2,0.1598639455782312
star_genome,rsem_norm,0.3027210884353741
star_genome,featureCounts,0.282312925170068
star_genome,merge_trimmed_PE,0.1428571428571429
star_genome,trimgalorePE,0.2210884353741496
star_genome,compare_reference_stringtie,0.1224489795918367
star_genome,hisat2,0.0238095238095238
star_genome,sortbam,0.1156462585034013
star_genome,starSE,0.2122186495176848
star_genome,fetch_unique_stringtie,0.173469387755102
star_genome,bigwig,0.1920374707259953
star_genome,cutadapt 2,0.0306122448979592
star_genome,cutadapt,0.1972789115646258
star_genome,MultiQC,0.1802721088435374
star_genome,salmon_quant_pe,0.326530612244898
star_genome,tximeta,0.2482993197278912
star_genome,salmon_quant,0.3129251700680272
star_genome,sort_bams,0.0986394557823129
star_genome,mark_dups,0.1700680272108843
star_genome,fastp_trimming_PE,0.2789115646258503
star_genome,salmonPE,0.227891156462585
star_genome,samtools_bam,0.0986394557823129
star_genome,bamindex,0.1700680272108843
star_genome,generate_genome_star_index,0.5714285714285714
star_genome,run_star_pe,0.2993197278911564
star_genome,pass1,0.2994836488812392
star_genome,fastqc_trimmed,0.1666666666666666
star_genome,run_multiqc,0.119047619047619
star_genome,sampleReads,0.1632653061224489
star_genome,pass2,0.2779552715654951
edgeR,startPE,0.2293577981651375
edgeR,fastqc 5,0.085820895522388
edgeR,multiqc 2,0.1007462686567164
edgeR,kallistoQuant,0.0298507462686566
edgeR,salmon_index,0.2574626865671642
edgeR,trim_galore_pe,0.1865671641791044
edgeR,samlon_quant,0.2052238805970149
edgeR,featureCounts 2,0.2350746268656716
edgeR,fastqc 4,0.1716417910447761
edgeR,multiqc 3,0.208955223880597
edgeR,merge_trimmed_SE,0.1156716417910447
edgeR,trimgaloreSE,0.2201492537313433
edgeR,fastqcrim,0.1716417910447761
edgeR,sort_index_bams,0.0708955223880597
edgeR,fastqc 3,0.1865671641791044
edgeR,fastqc 2,0.1716417910447761
edgeR,rsem_norm,0.2238805970149253
edgeR,featureCounts,0.2276119402985075
edgeR,merge_trimmed_PE,0.1865671641791044
edgeR,trimgalorePE,0.2276119402985075
edgeR,compare_reference_stringtie,0.1716417910447761
edgeR,hisat2,0.0223880597014924
edgeR,sortbam,0.126865671641791
edgeR,starSE,0.2282958199356913
edgeR,fetch_unique_stringtie,0.2276119402985075
edgeR,bigwig,0.243559718969555
edgeR,cutadapt 2,0.0335820895522388
edgeR,cutadapt,0.1641791044776119
edgeR,MultiQC,0.2014925373134328
edgeR,salmon_quant_pe,0.2313432835820895
edgeR,tximeta,0.4925373134328358
edgeR,salmon_quant,0.25
edgeR,sort_bams,0.1044776119402984
edgeR,mark_dups,0.167910447761194
edgeR,fastp_trimming_PE,0.2014925373134328
edgeR,salmonPE,0.208955223880597
edgeR,samtools_bam,0.1007462686567164
edgeR,bamindex,0.1753731343283582
edgeR,generate_genome_star_index,0.2014925373134328
edgeR,run_star_pe,0.1902985074626866
edgeR,pass1,0.1807228915662651
edgeR,fastqc_trimmed,0.1865671641791044
edgeR,run_multiqc,0.1492537313432835
edgeR,sampleReads,0.208955223880597
edgeR,pass2,0.1741214057507987
startPE,fastqc 5,0.0825688073394494
startPE,multiqc 2,0.0978593272171254
startPE,kallistoQuant,0.0305810397553516
startPE,salmon_index,0.2201834862385321
startPE,trim_galore_pe,0.1896024464831804
startPE,samlon_quant,0.2048929663608563
startPE,featureCounts 2,0.2232415902140673
startPE,fastqc 4,0.146788990825688
startPE,multiqc 3,0.1804281345565749
startPE,merge_trimmed_SE,0.091743119266055
startPE,trimgaloreSE,0.2752293577981651
startPE,fastqcrim,0.146788990825688
startPE,sort_index_bams,0.055045871559633
startPE,fastqc 3,0.1681957186544342
startPE,fastqc 2,0.146788990825688
startPE,rsem_norm,0.2140672782874617
startPE,featureCounts,0.1896024464831804
startPE,merge_trimmed_PE,0.1529051987767584
startPE,trimgalorePE,0.2844036697247706
startPE,compare_reference_stringtie,0.1162079510703364
startPE,hisat2,0.0275229357798164
startPE,sortbam,0.1039755351681956
startPE,starSE,0.9510703363914372
startPE,fetch_unique_stringtie,0.1559633027522935
startPE,bigwig,0.3185011709601874
startPE,cutadapt 2,0.0336391437308868
startPE,cutadapt,0.1314984709480122
startPE,MultiQC,0.2477064220183485
startPE,salmon_quant_pe,0.290519877675841
startPE,tximeta,0.2385321100917431
startPE,salmon_quant,0.2538226299694189
startPE,sort_bams,0.0856269113149846
startPE,mark_dups,0.1865443425076453
startPE,fastp_trimming_PE,0.2110091743119265
startPE,salmonPE,0.4678899082568807
startPE,samtools_bam,0.0825688073394494
startPE,bamindex,0.1834862385321101
startPE,generate_genome_star_index,0.2324159021406727
startPE,run_star_pe,0.3669724770642202
startPE,pass1,0.2392426850258175
startPE,fastqc_trimmed,0.1590214067278287
startPE,run_multiqc,0.1131498470948012
startPE,sampleReads,0.1651376146788991
startPE,pass2,0.2316293929712459
fastqc 5,multiqc 2,0.1111111111111111
fastqc 5,kallistoQuant,0.097560975609756
fastqc 5,salmon_index,0.1417910447761193
fastqc 5,trim_galore_pe,0.1829268292682927
fastqc 5,samlon_quant,0.1583333333333333
fastqc 5,featureCounts 2,0.1313868613138685
fastqc 5,fastqc 4,0.21875
fastqc 5,multiqc 3,0.1764705882352941
fastqc 5,merge_trimmed_SE,0.1219512195121951
fastqc 5,trimgaloreSE,0.1284916201117318
fastqc 5,fastqcrim,0.21875
fastqc 5,sort_index_bams,0.2926829268292683
fastqc 5,fastqc 3,0.289855072463768
fastqc 5,fastqc 2,0.2428571428571428
fastqc 5,rsem_norm,0.1018518518518518
fastqc 5,featureCounts,0.1286549707602339
fastqc 5,merge_trimmed_PE,0.2112676056338028
fastqc 5,trimgalorePE,0.1219512195121951
fastqc 5,compare_reference_stringtie,0.2807017543859649
fastqc 5,hisat2,0.073170731707317
fastqc 5,sortbam,0.3333333333333333
fastqc 5,starSE,0.0803858520900321
fastqc 5,fetch_unique_stringtie,0.1839080459770115
fastqc 5,bigwig,0.0608899297423887
fastqc 5,cutadapt 2,0.097560975609756
fastqc 5,cutadapt,0.1868131868131868
fastqc 5,MultiQC,0.1666666666666666
fastqc 5,salmon_quant_pe,0.1022222222222222
fastqc 5,tximeta,0.1074766355140186
fastqc 5,salmon_quant,0.0979591836734693
fastqc 5,sort_bams,0.2682926829268293
fastqc 5,mark_dups,0.0815217391304348
fastqc 5,fastp_trimming_PE,0.1255605381165919
fastqc 5,salmonPE,0.1050228310502283
fastqc 5,samtools_bam,0.1707317073170732
fastqc 5,bamindex,0.1888888888888888
fastqc 5,generate_genome_star_index,0.1153846153846154
fastqc 5,run_star_pe,0.0961538461538461
fastqc 5,pass1,0.0447504302925989
fastqc 5,fastqc_trimmed,0.2179487179487179
fastqc 5,run_multiqc,0.1929824561403509
fastqc 5,sampleReads,0.1566265060240963
fastqc 5,pass2,0.0431309904153354
multiqc 2,kallistoQuant,0.0888888888888889
multiqc 2,salmon_index,0.1865671641791044
multiqc 2,trim_galore_pe,0.1829268292682927
multiqc 2,samlon_quant,0.2166666666666666
multiqc 2,featureCounts 2,0.1824817518248175
multiqc 2,fastqc 4,0.1875
multiqc 2,multiqc 3,0.2588235294117647
multiqc 2,merge_trimmed_SE,0.1777777777777778
multiqc 2,trimgaloreSE,0.1452513966480446
multiqc 2,fastqcrim,0.1875
multiqc 2,sort_index_bams,0.1555555555555555
multiqc 2,fastqc 3,0.217391304347826
multiqc 2,fastqc 2,0.3142857142857143
multiqc 2,rsem_norm,0.1342592592592593
multiqc 2,featureCounts,0.1461988304093567
multiqc 2,merge_trimmed_PE,0.1830985915492957
multiqc 2,trimgalorePE,0.1268292682926829
multiqc 2,compare_reference_stringtie,0.175438596491228
multiqc 2,hisat2,0.0666666666666666
multiqc 2,sortbam,0.1458333333333333
multiqc 2,starSE,0.0964630225080386
multiqc 2,fetch_unique_stringtie,0.2298850574712644
multiqc 2,bigwig,0.0772833723653395
multiqc 2,cutadapt 2,0.1111111111111111
multiqc 2,cutadapt,0.1868131868131868
multiqc 2,MultiQC,0.2543859649122807
multiqc 2,salmon_quant_pe,0.1288888888888889
multiqc 2,tximeta,0.116822429906542
multiqc 2,salmon_quant,0.1224489795918367
multiqc 2,sort_bams,0.2222222222222222
multiqc 2,mark_dups,0.125
multiqc 2,fastp_trimming_PE,0.1345291479820628
multiqc 2,salmonPE,0.1232876712328767
multiqc 2,samtools_bam,0.1777777777777778
multiqc 2,bamindex,0.1555555555555555
multiqc 2,generate_genome_star_index,0.1153846153846154
multiqc 2,run_star_pe,0.1153846153846154
multiqc 2,pass1,0.0619621342512908
multiqc 2,fastqc_trimmed,0.282051282051282
multiqc 2,run_multiqc,0.2807017543859649
multiqc 2,sampleReads,0.2048192771084337
multiqc 2,pass2,0.0575079872204472
kallistoQuant,salmon_index,0.0597014925373133
kallistoQuant,trim_galore_pe,0.073170731707317
kallistoQuant,samlon_quant,0.0749999999999999
kallistoQuant,featureCounts 2,0.0510948905109489
kallistoQuant,fastqc 4,0.0625
kallistoQuant,multiqc 3,0.0823529411764706
kallistoQuant,merge_trimmed_SE,0.1142857142857143
kallistoQuant,trimgaloreSE,0.0502793296089385
kallistoQuant,fastqcrim,0.0625
kallistoQuant,sort_index_bams,0.1363636363636363
kallistoQuant,fastqc 3,0.1159420289855072
kallistoQuant,fastqc 2,0.0714285714285714
kallistoQuant,rsem_norm,0.0416666666666666
kallistoQuant,featureCounts,0.0350877192982456
kallistoQuant,merge_trimmed_PE,0.0704225352112676
kallistoQuant,trimgalorePE,0.0439024390243902
kallistoQuant,compare_reference_stringtie,0.087719298245614
kallistoQuant,hisat2,0.5384615384615384
kallistoQuant,sortbam,0.0625
kallistoQuant,starSE,0.0321543408360128
kallistoQuant,fetch_unique_stringtie,0.0689655172413793
kallistoQuant,bigwig,0.0257611241217798
kallistoQuant,cutadapt 2,0.3846153846153846
kallistoQuant,cutadapt,0.0439560439560439
kallistoQuant,MultiQC,0.0701754385964912
kallistoQuant,salmon_quant_pe,0.04
kallistoQuant,tximeta,0.042056074766355
kallistoQuant,salmon_quant,0.036734693877551
kallistoQuant,sort_bams,0.1515151515151515
kallistoQuant,mark_dups,0.0489130434782608
kallistoQuant,fastp_trimming_PE,0.0313901345291479
kallistoQuant,salmonPE,0.0410958904109589
kallistoQuant,samtools_bam,0.1388888888888888
kallistoQuant,bamindex,0.0888888888888889
kallistoQuant,generate_genome_star_index,0.0336538461538461
kallistoQuant,run_star_pe,0.0346153846153846
kallistoQuant,pass1,0.0154905335628227
kallistoQuant,fastqc_trimmed,0.0769230769230768
kallistoQuant,run_multiqc,0.087719298245614
kallistoQuant,sampleReads,0.0963855421686746
kallistoQuant,pass2,0.0159744408945686
salmon_index,trim_galore_pe,0.3507462686567164
salmon_index,samlon_quant,0.3805970149253731
salmon_index,featureCounts 2,0.2554744525547445
salmon_index,fastqc 4,0.2388059701492537
salmon_index,multiqc 3,0.3805970149253731
salmon_index,merge_trimmed_SE,0.1791044776119402
salmon_index,trimgaloreSE,0.2178770949720671
salmon_index,fastqcrim,0.2388059701492537
salmon_index,sort_index_bams,0.1343283582089552
salmon_index,fastqc 3,0.3432835820895522
salmon_index,fastqc 2,0.2910447761194029
salmon_index,rsem_norm,0.2916666666666666
salmon_index,featureCounts,0.239766081871345
salmon_index,merge_trimmed_PE,0.2761194029850746
salmon_index,trimgalorePE,0.2048780487804877
salmon_index,compare_reference_stringtie,0.2388059701492537
salmon_index,hisat2,0.0373134328358208
salmon_index,sortbam,0.2014925373134328
salmon_index,starSE,0.2282958199356913
salmon_index,fetch_unique_stringtie,0.2611940298507462
salmon_index,bigwig,0.1850117096018735
salmon_index,cutadapt 2,0.0597014925373133
salmon_index,cutadapt,0.2611940298507462
salmon_index,MultiQC,0.208955223880597
salmon_index,salmon_quant_pe,0.3733333333333333
salmon_index,tximeta,0.3037383177570093
salmon_index,salmon_quant,0.3387755102040816
salmon_index,sort_bams,0.1865671641791044
salmon_index,mark_dups,0.1576086956521739
salmon_index,fastp_trimming_PE,0.3228699551569507
salmon_index,salmonPE,0.3242009132420091
salmon_index,samtools_bam,0.1791044776119402
salmon_index,bamindex,0.2238805970149253
salmon_index,generate_genome_star_index,0.2980769230769231
salmon_index,run_star_pe,0.2923076923076922
salmon_index,pass1,0.1514629948364888
salmon_index,fastqc_trimmed,0.2835820895522388
salmon_index,run_multiqc,0.2388059701492537
salmon_index,sampleReads,0.2686567164179104
salmon_index,pass2,0.1485623003194888
trim_galore_pe,samlon_quant,0.3583333333333333
trim_galore_pe,featureCounts 2,0.3284671532846716
trim_galore_pe,fastqc 4,0.2195121951219512
trim_galore_pe,multiqc 3,0.3411764705882353
trim_galore_pe,merge_trimmed_SE,0.2804878048780488
trim_galore_pe,trimgaloreSE,0.2178770949720671
trim_galore_pe,fastqcrim,0.2195121951219512
trim_galore_pe,sort_index_bams,0.1707317073170732
trim_galore_pe,fastqc 3,0.4634146341463414
trim_galore_pe,fastqc 2,0.2073170731707316
trim_galore_pe,rsem_norm,0.2638888888888888
trim_galore_pe,featureCounts,0.2631578947368421
trim_galore_pe,merge_trimmed_PE,0.2439024390243902
trim_galore_pe,trimgalorePE,0.2048780487804877
trim_galore_pe,compare_reference_stringtie,0.2560975609756097
trim_galore_pe,hisat2,0.073170731707317
trim_galore_pe,sortbam,0.2317073170731707
trim_galore_pe,starSE,0.1704180064308681
trim_galore_pe,fetch_unique_stringtie,0.2528735632183908
trim_galore_pe,bigwig,0.1311475409836066
trim_galore_pe,cutadapt 2,0.073170731707317
trim_galore_pe,cutadapt,0.2417582417582418
trim_galore_pe,MultiQC,0.2982456140350877
trim_galore_pe,salmon_quant_pe,0.2844444444444445
trim_galore_pe,tximeta,0.2242990654205607
trim_galore_pe,salmon_quant,0.2775510204081632
trim_galore_pe,sort_bams,0.2560975609756097
trim_galore_pe,mark_dups,0.217391304347826
trim_galore_pe,fastp_trimming_PE,0.2331838565022421
trim_galore_pe,salmonPE,0.2602739726027397
trim_galore_pe,samtools_bam,0.2439024390243902
trim_galore_pe,bamindex,0.1333333333333333
trim_galore_pe,generate_genome_star_index,0.2644230769230768
trim_galore_pe,run_star_pe,0.2423076923076923
trim_galore_pe,pass1,0.1170395869191049
trim_galore_pe,fastqc_trimmed,0.1585365853658537
trim_galore_pe,run_multiqc,0.1951219512195121
trim_galore_pe,sampleReads,0.2289156626506023
trim_galore_pe,pass2,0.108626198083067
samlon_quant,featureCounts 2,0.291970802919708
samlon_quant,fastqc 4,0.2249999999999999
samlon_quant,multiqc 3,0.3166666666666666
samlon_quant,merge_trimmed_SE,0.1583333333333333
samlon_quant,trimgaloreSE,0.2290502793296089
samlon_quant,fastqcrim,0.2249999999999999
samlon_quant,sort_index_bams,0.15
samlon_quant,fastqc 3,0.3583333333333333
samlon_quant,fastqc 2,0.2833333333333333
samlon_quant,rsem_norm,0.324074074074074
samlon_quant,featureCounts,0.3157894736842105
samlon_quant,merge_trimmed_PE,0.2249999999999999
samlon_quant,trimgalorePE,0.2097560975609755
samlon_quant,compare_reference_stringtie,0.1916666666666666
samlon_quant,hisat2,0.0583333333333333
samlon_quant,sortbam,0.2083333333333333
samlon_quant,starSE,0.2122186495176848
samlon_quant,fetch_unique_stringtie,0.2666666666666667
samlon_quant,bigwig,0.1569086651053863
samlon_quant,cutadapt 2,0.0666666666666666
samlon_quant,cutadapt,0.3
samlon_quant,MultiQC,0.25
samlon_quant,salmon_quant_pe,0.3866666666666667
samlon_quant,tximeta,0.2289719626168224
samlon_quant,salmon_quant,0.3673469387755101
samlon_quant,sort_bams,0.1999999999999999
samlon_quant,mark_dups,0.1576086956521739
samlon_quant,fastp_trimming_PE,0.3183856502242153
samlon_quant,salmonPE,0.3059360730593607
samlon_quant,samtools_bam,0.1999999999999999
samlon_quant,bamindex,0.2083333333333333
samlon_quant,generate_genome_star_index,0.2836538461538461
samlon_quant,run_star_pe,0.2576923076923076
samlon_quant,pass1,0.1411359724612736
samlon_quant,fastqc_trimmed,0.2583333333333333
samlon_quant,run_multiqc,0.2416666666666667
samlon_quant,sampleReads,0.2249999999999999
samlon_quant,pass2,0.1373801916932907
featureCounts 2,fastqc 4,0.1824817518248175
featureCounts 2,multiqc 3,0.3065693430656934
featureCounts 2,merge_trimmed_SE,0.2189781021897809
featureCounts 2,trimgaloreSE,0.1787709497206704
featureCounts 2,fastqcrim,0.1824817518248175
featureCounts 2,sort_index_bams,0.1240875912408758
featureCounts 2,fastqc 3,0.3065693430656934
featureCounts 2,fastqc 2,0.3138686131386861
featureCounts 2,rsem_norm,0.2361111111111111
featureCounts 2,featureCounts,0.327485380116959
featureCounts 2,merge_trimmed_PE,0.2773722627737226
featureCounts 2,trimgalorePE,0.1999999999999999
featureCounts 2,compare_reference_stringtie,0.2408759124087591
featureCounts 2,hisat2,0.0437956204379561
featureCounts 2,sortbam,0.2116788321167882
featureCounts 2,starSE,0.2315112540192926
featureCounts 2,fetch_unique_stringtie,0.2992700729927007
featureCounts 2,bigwig,0.1662763466042154
featureCounts 2,cutadapt 2,0.0656934306569343
featureCounts 2,cutadapt,0.2043795620437956
featureCounts 2,MultiQC,0.2116788321167882
featureCounts 2,salmon_quant_pe,0.3333333333333333
featureCounts 2,tximeta,0.2803738317757009
featureCounts 2,salmon_quant,0.326530612244898
featureCounts 2,sort_bams,0.1897810218978102
featureCounts 2,mark_dups,0.2282608695652174
featureCounts 2,fastp_trimming_PE,0.3632286995515695
featureCounts 2,salmonPE,0.3105022831050228
featureCounts 2,samtools_bam,0.1824817518248175
featureCounts 2,bamindex,0.1970802919708029
featureCounts 2,generate_genome_star_index,0.2451923076923077
featureCounts 2,run_star_pe,0.3038461538461539
featureCounts 2,pass1,0.1480206540447504
featureCounts 2,fastqc_trimmed,0.3138686131386861
featureCounts 2,run_multiqc,0.2116788321167882
featureCounts 2,sampleReads,0.3284671532846716
featureCounts 2,pass2,0.1421725239616613
fastqc 4,multiqc 3,0.2941176470588235
fastqc 4,merge_trimmed_SE,0.296875
fastqc 4,trimgaloreSE,0.2402234636871508
fastqc 4,fastqcrim,1.0
fastqc 4,sort_index_bams,0.21875
fastqc 4,fastqc 3,0.217391304347826
fastqc 4,fastqc 2,0.3428571428571428
fastqc 4,rsem_norm,0.1898148148148147
fastqc 4,featureCounts,0.2280701754385965
fastqc 4,merge_trimmed_PE,0.2253521126760563
fastqc 4,trimgalorePE,0.2146341463414633
fastqc 4,compare_reference_stringtie,0.34375
fastqc 4,hisat2,0.0625
fastqc 4,sortbam,0.234375
fastqc 4,starSE,0.1543408360128617
fastqc 4,fetch_unique_stringtie,0.2068965517241379
fastqc 4,bigwig,0.1053864168618267
fastqc 4,cutadapt 2,0.09375
fastqc 4,cutadapt,0.3076923076923077
fastqc 4,MultiQC,0.2631578947368421
fastqc 4,salmon_quant_pe,0.1777777777777778
fastqc 4,tximeta,0.205607476635514
fastqc 4,salmon_quant,0.1795918367346939
fastqc 4,sort_bams,0.28125
fastqc 4,mark_dups,0.125
fastqc 4,fastp_trimming_PE,0.1704035874439462
fastqc 4,salmonPE,0.1735159817351598
fastqc 4,samtools_bam,0.25
fastqc 4,bamindex,0.2333333333333332
fastqc 4,generate_genome_star_index,0.1778846153846154
fastqc 4,run_star_pe,0.1923076923076923
fastqc 4,pass1,0.0895008605851979
fastqc 4,fastqc_trimmed,0.3717948717948718
fastqc 4,run_multiqc,0.296875
fastqc 4,sampleReads,0.3012048192771084
fastqc 4,pass2,0.0830670926517571
multiqc 3,merge_trimmed_SE,0.2705882352941177
multiqc 3,trimgaloreSE,0.2290502793296089
multiqc 3,fastqcrim,0.2941176470588235
multiqc 3,sort_index_bams,0.1294117647058823
multiqc 3,fastqc 3,0.3647058823529412
multiqc 3,fastqc 2,0.2823529411764706
multiqc 3,rsem_norm,0.2361111111111111
multiqc 3,featureCounts,0.216374269005848
multiqc 3,merge_trimmed_PE,0.3764705882352941
multiqc 3,trimgalorePE,0.2146341463414633
multiqc 3,compare_reference_stringtie,0.3411764705882353
multiqc 3,hisat2,0.0705882352941176
multiqc 3,sortbam,0.2117647058823529
multiqc 3,starSE,0.1864951768488746
multiqc 3,fetch_unique_stringtie,0.1839080459770115
multiqc 3,bigwig,0.1428571428571429
multiqc 3,cutadapt 2,0.0941176470588235
multiqc 3,cutadapt,0.2087912087912088
multiqc 3,MultiQC,0.3333333333333333
multiqc 3,salmon_quant_pe,0.2933333333333333
multiqc 3,tximeta,0.219626168224299
multiqc 3,salmon_quant,0.2653061224489795
multiqc 3,sort_bams,0.2117647058823529
multiqc 3,mark_dups,0.2010869565217391
multiqc 3,fastp_trimming_PE,0.2331838565022421
multiqc 3,salmonPE,0.2602739726027397
multiqc 3,samtools_bam,0.188235294117647
multiqc 3,bamindex,0.1666666666666666
multiqc 3,generate_genome_star_index,0.2067307692307692
multiqc 3,run_star_pe,0.2653846153846153
multiqc 3,pass1,0.108433734939759
multiqc 3,fastqc_trimmed,0.2588235294117647
multiqc 3,run_multiqc,0.3294117647058824
multiqc 3,sampleReads,0.2588235294117647
multiqc 3,pass2,0.1022364217252396
merge_trimmed_SE,trimgaloreSE,0.1340782122905027
merge_trimmed_SE,fastqcrim,0.296875
merge_trimmed_SE,sort_index_bams,0.2571428571428571
merge_trimmed_SE,fastqc 3,0.3043478260869565
merge_trimmed_SE,fastqc 2,0.2285714285714285
merge_trimmed_SE,rsem_norm,0.1018518518518518
merge_trimmed_SE,featureCounts,0.1345029239766082
merge_trimmed_SE,merge_trimmed_PE,0.4929577464788732
merge_trimmed_SE,trimgalorePE,0.1219512195121951
merge_trimmed_SE,compare_reference_stringtie,0.2456140350877192
merge_trimmed_SE,hisat2,0.0571428571428571
merge_trimmed_SE,sortbam,0.3125
merge_trimmed_SE,starSE,0.090032154340836
merge_trimmed_SE,fetch_unique_stringtie,0.2068965517241379
merge_trimmed_SE,bigwig,0.0702576112412177
merge_trimmed_SE,cutadapt 2,0.1714285714285713
merge_trimmed_SE,cutadapt,0.2417582417582418
merge_trimmed_SE,MultiQC,0.1842105263157895
merge_trimmed_SE,salmon_quant_pe,0.1244444444444444
merge_trimmed_SE,tximeta,0.1308411214953271
merge_trimmed_SE,salmon_quant,0.1142857142857143
merge_trimmed_SE,sort_bams,0.2285714285714285
merge_trimmed_SE,mark_dups,0.1576086956521739
merge_trimmed_SE,fastp_trimming_PE,0.1255605381165919
merge_trimmed_SE,salmonPE,0.1415525114155251
merge_trimmed_SE,samtools_bam,0.2222222222222222
merge_trimmed_SE,bamindex,0.2111111111111111
merge_trimmed_SE,generate_genome_star_index,0.1105769230769231
merge_trimmed_SE,run_star_pe,0.1153846153846154
merge_trimmed_SE,pass1,0.0499139414802065
merge_trimmed_SE,fastqc_trimmed,0.2307692307692307
merge_trimmed_SE,run_multiqc,0.2280701754385965
merge_trimmed_SE,sampleReads,0.2891566265060241
merge_trimmed_SE,pass2,0.047923322683706
trimgaloreSE,fastqcrim,0.2402234636871508
trimgaloreSE,sort_index_bams,0.0949720670391061
trimgaloreSE,fastqc 3,0.1899441340782123
trimgaloreSE,fastqc 2,0.1899441340782123
trimgaloreSE,rsem_norm,0.2268518518518518
trimgaloreSE,featureCounts,0.1564245810055865
trimgaloreSE,merge_trimmed_PE,0.2290502793296089
trimgaloreSE,trimgalorePE,0.8731707317073171
trimgaloreSE,compare_reference_stringtie,0.2122905027932961
trimgaloreSE,hisat2,0.0446927374301675
trimgaloreSE,sortbam,0.1675977653631285
trimgaloreSE,starSE,0.2829581993569131
trimgaloreSE,fetch_unique_stringtie,0.2011173184357542
trimgaloreSE,bigwig,0.2388758782201405
trimgaloreSE,cutadapt 2,0.0502793296089385
trimgaloreSE,cutadapt,0.2346368715083798
trimgaloreSE,MultiQC,0.4189944134078212
trimgaloreSE,salmon_quant_pe,0.2177777777777777
trimgaloreSE,tximeta,0.1775700934579439
trimgaloreSE,salmon_quant,0.1877551020408163
trimgaloreSE,sort_bams,0.1340782122905027
trimgaloreSE,mark_dups,0.0597826086956522
trimgaloreSE,fastp_trimming_PE,0.1614349775784753
trimgaloreSE,salmonPE,0.3744292237442922
trimgaloreSE,samtools_bam,0.1284916201117318
trimgaloreSE,bamindex,0.3798882681564246
trimgaloreSE,generate_genome_star_index,0.1490384615384615
trimgaloreSE,run_star_pe,0.2153846153846154
trimgaloreSE,pass1,0.1497418244406196
trimgaloreSE,fastqc_trimmed,0.1899441340782123
trimgaloreSE,run_multiqc,0.1843575418994413
trimgaloreSE,sampleReads,0.2067039106145251
trimgaloreSE,pass2,0.145367412140575
fastqcrim,sort_index_bams,0.21875
fastqcrim,fastqc 3,0.217391304347826
fastqcrim,fastqc 2,0.3428571428571428
fastqcrim,rsem_norm,0.1898148148148147
fastqcrim,featureCounts,0.2280701754385965
fastqcrim,merge_trimmed_PE,0.2253521126760563
fastqcrim,trimgalorePE,0.2146341463414633
fastqcrim,compare_reference_stringtie,0.34375
fastqcrim,hisat2,0.0625
fastqcrim,sortbam,0.234375
fastqcrim,starSE,0.1543408360128617
fastqcrim,fetch_unique_stringtie,0.2068965517241379
fastqcrim,bigwig,0.1053864168618267
fastqcrim,cutadapt 2,0.09375
fastqcrim,cutadapt,0.3076923076923077
fastqcrim,MultiQC,0.2631578947368421
fastqcrim,salmon_quant_pe,0.1777777777777778
fastqcrim,tximeta,0.205607476635514
fastqcrim,salmon_quant,0.1795918367346939
fastqcrim,sort_bams,0.28125
fastqcrim,mark_dups,0.125
fastqcrim,fastp_trimming_PE,0.1704035874439462
fastqcrim,salmonPE,0.1735159817351598
fastqcrim,samtools_bam,0.25
fastqcrim,bamindex,0.2333333333333332
fastqcrim,generate_genome_star_index,0.1778846153846154
fastqcrim,run_star_pe,0.1923076923076923
fastqcrim,pass1,0.0895008605851979
fastqcrim,fastqc_trimmed,0.3717948717948718
fastqcrim,run_multiqc,0.296875
fastqcrim,sampleReads,0.3012048192771084
fastqcrim,pass2,0.0830670926517571
sort_index_bams,fastqc 3,0.1884057971014492
sort_index_bams,fastqc 2,0.1714285714285713
sort_index_bams,rsem_norm,0.0833333333333333
sort_index_bams,featureCounts,0.0994152046783626
sort_index_bams,merge_trimmed_PE,0.1690140845070422
sort_index_bams,trimgalorePE,0.0878048780487804
sort_index_bams,compare_reference_stringtie,0.2631578947368421
sort_index_bams,hisat2,0.0909090909090909
sort_index_bams,sortbam,0.25
sort_index_bams,starSE,0.0578778135048231
sort_index_bams,fetch_unique_stringtie,0.1724137931034483
sort_index_bams,bigwig,0.0468384074941452
sort_index_bams,cutadapt 2,0.0909090909090909
sort_index_bams,cutadapt,0.1538461538461538
sort_index_bams,MultiQC,0.131578947368421
sort_index_bams,salmon_quant_pe,0.0799999999999999
sort_index_bams,tximeta,0.0934579439252336
sort_index_bams,salmon_quant,0.0775510204081633
sort_index_bams,sort_bams,0.5151515151515151
sort_index_bams,mark_dups,0.0760869565217391
sort_index_bams,fastp_trimming_PE,0.0672645739910313
sort_index_bams,salmonPE,0.091324200913242
sort_index_bams,samtools_bam,0.5
sort_index_bams,bamindex,0.2444444444444444
sort_index_bams,generate_genome_star_index,0.0913461538461538
sort_index_bams,run_star_pe,0.0769230769230768
sort_index_bams,pass1,0.0327022375215145
sort_index_bams,fastqc_trimmed,0.1538461538461538
sort_index_bams,run_multiqc,0.1578947368421053
sort_index_bams,sampleReads,0.1686746987951807
sort_index_bams,pass2,0.0319488817891373
fastqc 3,fastqc 2,0.1999999999999999
fastqc 3,rsem_norm,0.1851851851851852
fastqc 3,featureCounts,0.2105263157894736
fastqc 3,merge_trimmed_PE,0.2816901408450704
fastqc 3,trimgalorePE,0.175609756097561
fastqc 3,compare_reference_stringtie,0.2608695652173913
fastqc 3,hisat2,0.0869565217391304
fastqc 3,sortbam,0.2318840579710145
fastqc 3,starSE,0.1639871382636656
fastqc 3,fetch_unique_stringtie,0.3103448275862068
fastqc 3,bigwig,0.117096018735363
fastqc 3,cutadapt 2,0.1014492753623188
fastqc 3,cutadapt,0.2087912087912088
fastqc 3,MultiQC,0.3070175438596491
fastqc 3,salmon_quant_pe,0.2533333333333333
fastqc 3,tximeta,0.2242990654205607
fastqc 3,salmon_quant,0.2367346938775509
fastqc 3,sort_bams,0.3188405797101449
fastqc 3,mark_dups,0.1902173913043477
fastqc 3,fastp_trimming_PE,0.2062780269058296
fastqc 3,salmonPE,0.2511415525114155
fastqc 3,samtools_bam,0.2753623188405797
fastqc 3,bamindex,0.1555555555555555
fastqc 3,generate_genome_star_index,0.2211538461538461
fastqc 3,run_star_pe,0.2192307692307692
fastqc 3,pass1,0.0929432013769363
fastqc 3,fastqc_trimmed,0.2051282051282051
fastqc 3,run_multiqc,0.2608695652173913
fastqc 3,sampleReads,0.2771084337349397
fastqc 3,pass2,0.0878594249201277
fastqc 2,rsem_norm,0.1759259259259259
fastqc 2,featureCounts,0.2690058479532163
fastqc 2,merge_trimmed_PE,0.2816901408450704
fastqc 2,trimgalorePE,0.175609756097561
fastqc 2,compare_reference_stringtie,0.2285714285714285
fastqc 2,hisat2,0.0857142857142857
fastqc 2,sortbam,0.2428571428571428
fastqc 2,starSE,0.1511254019292605
fastqc 2,fetch_unique_stringtie,0.2758620689655172
fastqc 2,bigwig,0.1053864168618267
fastqc 2,cutadapt 2,0.0999999999999999
fastqc 2,cutadapt,0.2967032967032966
fastqc 2,MultiQC,0.2456140350877192
fastqc 2,salmon_quant_pe,0.2044444444444444
fastqc 2,tximeta,0.2149532710280374
fastqc 2,salmon_quant,0.1918367346938775
fastqc 2,sort_bams,0.2857142857142857
fastqc 2,mark_dups,0.1521739130434782
fastqc 2,fastp_trimming_PE,0.2242152466367712
fastqc 2,salmonPE,0.1917808219178082
fastqc 2,samtools_bam,0.2428571428571428
fastqc 2,bamindex,0.1666666666666666
fastqc 2,generate_genome_star_index,0.1826923076923077
fastqc 2,run_star_pe,0.1884615384615384
fastqc 2,pass1,0.0895008605851979
fastqc 2,fastqc_trimmed,0.8974358974358975
fastqc 2,run_multiqc,0.3
fastqc 2,sampleReads,0.3493975903614458
fastqc 2,pass2,0.0830670926517571
rsem_norm,featureCounts,0.2824074074074074
rsem_norm,merge_trimmed_PE,0.1666666666666666
rsem_norm,trimgalorePE,0.1805555555555555
rsem_norm,compare_reference_stringtie,0.1898148148148147
rsem_norm,hisat2,0.0324074074074074
rsem_norm,sortbam,0.1342592592592593
rsem_norm,starSE,0.2122186495176848
rsem_norm,fetch_unique_stringtie,0.2268518518518518
rsem_norm,bigwig,0.1943793911007025
rsem_norm,cutadapt 2,0.0462962962962962
rsem_norm,cutadapt,0.2685185185185185
rsem_norm,MultiQC,0.2083333333333333
rsem_norm,salmon_quant_pe,0.2533333333333333
rsem_norm,tximeta,0.1851851851851852
rsem_norm,salmon_quant,0.3061224489795918
rsem_norm,sort_bams,0.1203703703703703
rsem_norm,mark_dups,0.1111111111111111
rsem_norm,fastp_trimming_PE,0.2286995515695067
rsem_norm,salmonPE,0.1689497716894977
rsem_norm,samtools_bam,0.1203703703703703
rsem_norm,bamindex,0.1851851851851852
rsem_norm,generate_genome_star_index,0.1944444444444444
rsem_norm,run_star_pe,0.2769230769230769
rsem_norm,pass1,0.2082616179001721
rsem_norm,fastqc_trimmed,0.1898148148148147
rsem_norm,run_multiqc,0.1620370370370371
rsem_norm,sampleReads,0.1666666666666666
rsem_norm,pass2,0.1964856230031949
featureCounts,merge_trimmed_PE,0.2105263157894736
featureCounts,trimgalorePE,0.1902439024390243
featureCounts,compare_reference_stringtie,0.1871345029239766
featureCounts,hisat2,0.0350877192982456
featureCounts,sortbam,0.1929824561403509
featureCounts,starSE,0.1929260450160771
featureCounts,fetch_unique_stringtie,0.1988304093567251
featureCounts,bigwig,0.1569086651053863
featureCounts,cutadapt 2,0.0467836257309941
featureCounts,cutadapt,0.3450292397660819
featureCounts,MultiQC,0.2105263157894736
featureCounts,salmon_quant_pe,0.2844444444444445
featureCounts,tximeta,0.219626168224299
featureCounts,salmon_quant,0.2775510204081632
featureCounts,sort_bams,0.1578947368421053
featureCounts,mark_dups,0.1141304347826086
featureCounts,fastp_trimming_PE,0.3094170403587444
featureCounts,salmonPE,0.2054794520547945
featureCounts,samtools_bam,0.1578947368421053
featureCounts,bamindex,0.2280701754385965
featureCounts,generate_genome_star_index,0.2788461538461538
featureCounts,run_star_pe,0.2192307692307692
featureCounts,pass1,0.1772805507745266
featureCounts,fastqc_trimmed,0.2748538011695907
featureCounts,run_multiqc,0.1403508771929824
featureCounts,sampleReads,0.2748538011695907
featureCounts,pass2,0.1757188498402555
merge_trimmed_PE,trimgalorePE,0.2097560975609755
merge_trimmed_PE,compare_reference_stringtie,0.323943661971831
merge_trimmed_PE,hisat2,0.0563380281690141
merge_trimmed_PE,sortbam,0.2112676056338028
merge_trimmed_PE,starSE,0.1511254019292605
merge_trimmed_PE,fetch_unique_stringtie,0.2988505747126436
merge_trimmed_PE,bigwig,0.1100702576112412
merge_trimmed_PE,cutadapt 2,0.0985915492957746
merge_trimmed_PE,cutadapt,0.2417582417582418
merge_trimmed_PE,MultiQC,0.3157894736842105
merge_trimmed_PE,salmon_quant_pe,0.2266666666666666
merge_trimmed_PE,tximeta,0.2289719626168224
merge_trimmed_PE,salmon_quant,0.2122448979591836
merge_trimmed_PE,sort_bams,0.2816901408450704
merge_trimmed_PE,mark_dups,0.1847826086956522
merge_trimmed_PE,fastp_trimming_PE,0.2242152466367712
merge_trimmed_PE,salmonPE,0.2054794520547945
merge_trimmed_PE,samtools_bam,0.295774647887324
merge_trimmed_PE,bamindex,0.2444444444444444
merge_trimmed_PE,generate_genome_star_index,0.1730769230769231
merge_trimmed_PE,run_star_pe,0.2115384615384615
merge_trimmed_PE,pass1,0.091222030981067
merge_trimmed_PE,fastqc_trimmed,0.282051282051282
merge_trimmed_PE,run_multiqc,0.2394366197183098
merge_trimmed_PE,sampleReads,0.3253012048192771
merge_trimmed_PE,pass2,0.0862619808306709
trimgalorePE,compare_reference_stringtie,0.1951219512195121
trimgalorePE,hisat2,0.0390243902439024
trimgalorePE,sortbam,0.1560975609756097
trimgalorePE,starSE,0.292604501607717
trimgalorePE,fetch_unique_stringtie,0.1853658536585366
trimgalorePE,bigwig,0.2576112412177985
trimgalorePE,cutadapt 2,0.0439024390243902
trimgalorePE,cutadapt,0.2195121951219512
trimgalorePE,MultiQC,0.375609756097561
trimgalorePE,salmon_quant_pe,0.1777777777777778
trimgalorePE,tximeta,0.1682242990654205
trimgalorePE,salmon_quant,0.1632653061224489
trimgalorePE,sort_bams,0.1219512195121951
trimgalorePE,mark_dups,0.1170731707317073
trimgalorePE,fastp_trimming_PE,0.1659192825112108
trimgalorePE,salmonPE,0.3333333333333333
trimgalorePE,samtools_bam,0.1219512195121951
trimgalorePE,bamindex,0.3365853658536585
trimgalorePE,generate_genome_star_index,0.1153846153846154
trimgalorePE,run_star_pe,0.2076923076923077
trimgalorePE,pass1,0.1635111876075731
trimgalorePE,fastqc_trimmed,0.1853658536585366
trimgalorePE,run_multiqc,0.1658536585365854
trimgalorePE,sampleReads,0.1951219512195121
trimgalorePE,pass2,0.1597444089456868
compare_reference_stringtie,hisat2,0.0526315789473684
compare_reference_stringtie,sortbam,0.3333333333333333
compare_reference_stringtie,starSE,0.1189710610932476
compare_reference_stringtie,fetch_unique_stringtie,0.4712643678160919
compare_reference_stringtie,bigwig,0.0960187353629976
compare_reference_stringtie,cutadapt 2,0.087719298245614
compare_reference_stringtie,cutadapt,0.2747252747252747
compare_reference_stringtie,MultiQC,0.2105263157894736
compare_reference_stringtie,salmon_quant_pe,0.1822222222222221
compare_reference_stringtie,tximeta,0.1915887850467289
compare_reference_stringtie,salmon_quant,0.1755102040816326
compare_reference_stringtie,sort_bams,0.2280701754385965
compare_reference_stringtie,mark_dups,0.1304347826086956
compare_reference_stringtie,fastp_trimming_PE,0.147982062780269
compare_reference_stringtie,salmonPE,0.1735159817351598
compare_reference_stringtie,samtools_bam,0.2105263157894736
compare_reference_stringtie,bamindex,0.2555555555555555
compare_reference_stringtie,generate_genome_star_index,0.1586538461538461
compare_reference_stringtie,run_star_pe,0.1730769230769231
compare_reference_stringtie,pass1,0.0740103270223752
compare_reference_stringtie,fastqc_trimmed,0.2051282051282051
compare_reference_stringtie,run_multiqc,0.2280701754385965
compare_reference_stringtie,sampleReads,0.2650602409638554
compare_reference_stringtie,pass2,0.0702875399361022
hisat2,sortbam,0.0625
hisat2,starSE,0.0257234726688102
hisat2,fetch_unique_stringtie,0.0574712643678161
hisat2,bigwig,0.0210772833723653
hisat2,cutadapt 2,0.4615384615384615
hisat2,cutadapt,0.0439560439560439
hisat2,MultiQC,0.0614035087719297
hisat2,salmon_quant_pe,0.031111111111111
hisat2,tximeta,0.02803738317757
hisat2,salmon_quant,0.0285714285714285
hisat2,sort_bams,0.0606060606060605
hisat2,mark_dups,0.0380434782608695
hisat2,fastp_trimming_PE,0.0313901345291479
hisat2,salmonPE,0.0365296803652968
hisat2,samtools_bam,0.0555555555555555
hisat2,bamindex,0.0777777777777777
hisat2,generate_genome_star_index,0.0336538461538461
hisat2,run_star_pe,0.0269230769230769
hisat2,pass1,0.0154905335628227
hisat2,fastqc_trimmed,0.0897435897435897
hisat2,run_multiqc,0.0526315789473684
hisat2,sampleReads,0.072289156626506
hisat2,pass2,0.0143769968051118
sortbam,starSE,0.1093247588424437
sortbam,fetch_unique_stringtie,0.2298850574712644
sortbam,bigwig,0.0796252927400468
sortbam,cutadapt 2,0.0833333333333333
sortbam,cutadapt,0.2967032967032966
sortbam,MultiQC,0.1929824561403509
sortbam,salmon_quant_pe,0.1377777777777777
sortbam,tximeta,0.1588785046728972
sortbam,salmon_quant,0.1306122448979592
sortbam,sort_bams,0.2708333333333333
sortbam,mark_dups,0.1467391304347826
sortbam,fastp_trimming_PE,0.1434977578475336
sortbam,salmonPE,0.1324200913242009
sortbam,samtools_bam,0.2708333333333333
sortbam,bamindex,0.2333333333333332
sortbam,generate_genome_star_index,0.1538461538461538
sortbam,run_star_pe,0.1346153846153845
sortbam,pass1,0.0567986230636833
sortbam,fastqc_trimmed,0.2307692307692307
sortbam,run_multiqc,0.1929824561403509
sortbam,sampleReads,0.2409638554216867
sortbam,pass2,0.0543130990415335
starSE,fetch_unique_stringtie,0.157556270096463
starSE,bigwig,0.3208430913348946
starSE,cutadapt 2,0.0353697749196141
starSE,cutadapt,0.135048231511254
starSE,MultiQC,0.2572347266881029
starSE,salmon_quant_pe,0.2765273311897106
starSE,tximeta,0.2347266881028938
starSE,salmon_quant,0.2508038585209003
starSE,sort_bams,0.0868167202572347
starSE,mark_dups,0.1768488745980707
starSE,fastp_trimming_PE,0.202572347266881
starSE,salmonPE,0.4565916398713826
starSE,samtools_bam,0.0868167202572347
starSE,bamindex,0.1929260450160771
starSE,generate_genome_star_index,0.2315112540192926
starSE,run_star_pe,0.360128617363344
starSE,pass1,0.2340791738382099
starSE,fastqc_trimmed,0.1639871382636656
starSE,run_multiqc,0.1189710610932476
starSE,sampleReads,0.1704180064308681
starSE,pass2,0.2268370607028753
fetch_unique_stringtie,bigwig,0.1334894613583138
fetch_unique_stringtie,cutadapt 2,0.0919540229885057
fetch_unique_stringtie,cutadapt,0.1428571428571429
fetch_unique_stringtie,MultiQC,0.2017543859649122
fetch_unique_stringtie,salmon_quant_pe,0.2666666666666667
fetch_unique_stringtie,tximeta,0.2570093457943925
fetch_unique_stringtie,salmon_quant,0.2530612244897959
fetch_unique_stringtie,sort_bams,0.2758620689655172
fetch_unique_stringtie,mark_dups,0.1956521739130434
fetch_unique_stringtie,fastp_trimming_PE,0.2152466367713004
fetch_unique_stringtie,salmonPE,0.2191780821917808
fetch_unique_stringtie,samtools_bam,0.2758620689655172
fetch_unique_stringtie,bamindex,0.1444444444444445
fetch_unique_stringtie,generate_genome_star_index,0.2115384615384615
fetch_unique_stringtie,run_star_pe,0.2192307692307692
fetch_unique_stringtie,pass1,0.0981067125645438
fetch_unique_stringtie,fastqc_trimmed,0.2298850574712644
fetch_unique_stringtie,run_multiqc,0.2183908045977011
fetch_unique_stringtie,sampleReads,0.1954022988505747
fetch_unique_stringtie,pass2,0.0926517571884983
bigwig,cutadapt 2,0.0257611241217798
bigwig,cutadapt,0.1147540983606557
bigwig,MultiQC,0.2084309133489461
bigwig,salmon_quant_pe,0.2014051522248243
bigwig,tximeta,0.1943793911007025
bigwig,salmon_quant,0.2037470725995316
bigwig,sort_bams,0.0702576112412177
bigwig,mark_dups,0.1475409836065574
bigwig,fastp_trimming_PE,0.1920374707259953
bigwig,salmonPE,0.3208430913348946
bigwig,samtools_bam,0.0749414519906322
bigwig,bamindex,0.1920374707259953
bigwig,generate_genome_star_index,0.1826697892271662
bigwig,run_star_pe,0.2084309133489461
bigwig,pass1,0.1669535283993115
bigwig,fastqc_trimmed,0.1124121779859484
bigwig,run_multiqc,0.0913348946135831
bigwig,sampleReads,0.1358313817330211
bigwig,pass2,0.1725239616613418
cutadapt 2,cutadapt,0.0989010989010988
cutadapt 2,MultiQC,0.0789473684210526
cutadapt 2,salmon_quant_pe,0.04
cutadapt 2,tximeta,0.0373831775700934
cutadapt 2,salmon_quant,0.0408163265306122
cutadapt 2,sort_bams,0.0909090909090909
cutadapt 2,mark_dups,0.0543478260869565
cutadapt 2,fastp_trimming_PE,0.0358744394618834
cutadapt 2,salmonPE,0.045662100456621
cutadapt 2,samtools_bam,0.0833333333333333
cutadapt 2,bamindex,0.0666666666666666
cutadapt 2,generate_genome_star_index,0.0432692307692307
cutadapt 2,run_star_pe,0.0384615384615384
cutadapt 2,pass1,0.0172117039586918
cutadapt 2,fastqc_trimmed,0.1153846153846154
cutadapt 2,run_multiqc,0.1052631578947368
cutadapt 2,sampleReads,0.0963855421686746
cutadapt 2,pass2,0.0159744408945686
cutadapt,MultiQC,0.2017543859649122
cutadapt,salmon_quant_pe,0.2577777777777778
cutadapt,tximeta,0.1915887850467289
cutadapt,salmon_quant,0.2448979591836735
cutadapt,sort_bams,0.2307692307692307
cutadapt,mark_dups,0.1358695652173913
cutadapt,fastp_trimming_PE,0.2600896860986547
cutadapt,salmonPE,0.1780821917808219
cutadapt,samtools_bam,0.2307692307692307
cutadapt,bamindex,0.2307692307692307
cutadapt,generate_genome_star_index,0.2451923076923077
cutadapt,run_star_pe,0.1961538461538461
cutadapt,pass1,0.1153184165232358
cutadapt,fastqc_trimmed,0.2527472527472527
cutadapt,run_multiqc,0.2087912087912088
cutadapt,sampleReads,0.2637362637362637
cutadapt,pass2,0.1134185303514376
MultiQC,salmon_quant_pe,0.2711111111111111
MultiQC,tximeta,0.2102803738317756
MultiQC,salmon_quant,0.2489795918367346
MultiQC,sort_bams,0.2105263157894736
MultiQC,mark_dups,0.1195652173913043
MultiQC,fastp_trimming_PE,0.2017937219730942
MultiQC,salmonPE,0.3972602739726028
MultiQC,samtools_bam,0.2017543859649122
MultiQC,bamindex,0.5087719298245614
MultiQC,generate_genome_star_index,0.2067307692307692
MultiQC,run_star_pe,0.223076923076923
MultiQC,pass1,0.1101549053356282
MultiQC,fastqc_trimmed,0.2105263157894736
MultiQC,run_multiqc,0.2368421052631578
MultiQC,sampleReads,0.2192982456140351
MultiQC,pass2,0.1070287539936102
salmon_quant_pe,tximeta,0.2444444444444444
salmon_quant_pe,salmon_quant,0.8326530612244898
salmon_quant_pe,sort_bams,0.1288888888888889
salmon_quant_pe,mark_dups,0.1955555555555556
salmon_quant_pe,fastp_trimming_PE,0.3511111111111111
salmon_quant_pe,salmonPE,0.2888888888888888
salmon_quant_pe,samtools_bam,0.1244444444444444
salmon_quant_pe,bamindex,0.1866666666666666
salmon_quant_pe,generate_genome_star_index,0.3111111111111111
salmon_quant_pe,run_star_pe,0.4
salmon_quant_pe,pass1,0.2151462994836488
salmon_quant_pe,fastqc_trimmed,0.2177777777777777
salmon_quant_pe,run_multiqc,0.1555555555555555
salmon_quant_pe,sampleReads,0.2311111111111111
salmon_quant_pe,pass2,0.206070287539936
tximeta,salmon_quant,0.2897959183673469
tximeta,sort_bams,0.1308411214953271
tximeta,mark_dups,0.1588785046728972
tximeta,fastp_trimming_PE,0.210762331838565
tximeta,salmonPE,0.2602739726027397
tximeta,samtools_bam,0.1214953271028037
tximeta,bamindex,0.1915887850467289
tximeta,generate_genome_star_index,0.1869158878504673
tximeta,run_star_pe,0.2423076923076923
tximeta,pass1,0.1669535283993115
tximeta,fastqc_trimmed,0.2149532710280374
tximeta,run_multiqc,0.1588785046728972
tximeta,sampleReads,0.2383177570093457
tximeta,pass2,0.1645367412140574
salmon_quant,sort_bams,0.1183673469387754
salmon_quant,mark_dups,0.2081632653061225
salmon_quant,fastp_trimming_PE,0.3469387755102041
salmon_quant,salmonPE,0.3224489795918367
salmon_quant,samtools_bam,0.1183673469387754
salmon_quant,bamindex,0.1755102040816326
salmon_quant,generate_genome_star_index,0.326530612244898
salmon_quant,run_star_pe,0.3769230769230769
salmon_quant,pass1,0.2220309810671256
salmon_quant,fastqc_trimmed,0.1959183673469388
salmon_quant,run_multiqc,0.1387755102040816
salmon_quant,sampleReads,0.2081632653061225
salmon_quant,pass2,0.2124600638977636
sort_bams,mark_dups,0.1304347826086956
sort_bams,fastp_trimming_PE,0.1210762331838565
sort_bams,salmonPE,0.1324200913242009
sort_bams,samtools_bam,0.7222222222222222
sort_bams,bamindex,0.2777777777777778
sort_bams,generate_genome_star_index,0.1153846153846154
sort_bams,run_star_pe,0.1115384615384615
sort_bams,pass1,0.0464716006884681
sort_bams,fastqc_trimmed,0.2692307692307693
sort_bams,run_multiqc,0.1929824561403509
sort_bams,sampleReads,0.2891566265060241
sort_bams,pass2,0.0447284345047923
mark_dups,fastp_trimming_PE,0.1973094170403587
mark_dups,salmonPE,0.1278538812785388
mark_dups,samtools_bam,0.125
mark_dups,bamindex,0.1141304347826086
mark_dups,generate_genome_star_index,0.1394230769230768
mark_dups,run_star_pe,0.1769230769230769
mark_dups,pass1,0.1256454388984509
mark_dups,fastqc_trimmed,0.1630434782608695
mark_dups,run_multiqc,0.125
mark_dups,sampleReads,0.1902173913043477
mark_dups,pass2,0.1182108626198082
fastp_trimming_PE,salmonPE,0.2017937219730942
fastp_trimming_PE,samtools_bam,0.116591928251121
fastp_trimming_PE,bamindex,0.1659192825112108
fastp_trimming_PE,generate_genome_star_index,0.1928251121076233
fastp_trimming_PE,run_star_pe,0.2653846153846153
fastp_trimming_PE,pass1,0.2048192771084337
fastp_trimming_PE,fastqc_trimmed,0.2376681614349776
fastp_trimming_PE,run_multiqc,0.147982062780269
fastp_trimming_PE,sampleReads,0.2197309417040358
fastp_trimming_PE,pass2,0.1932907348242811
salmonPE,samtools_bam,0.1232876712328767
salmonPE,bamindex,0.319634703196347
salmonPE,generate_genome_star_index,0.1917808219178082
salmonPE,run_star_pe,0.2269230769230769
salmonPE,pass1,0.1617900172117039
salmonPE,fastqc_trimmed,0.1963470319634703
salmonPE,run_multiqc,0.1552511415525114
salmonPE,sampleReads,0.2146118721461187
salmonPE,pass2,0.1597444089456868
samtools_bam,bamindex,0.2666666666666667
samtools_bam,generate_genome_star_index,0.1201923076923077
samtools_bam,run_star_pe,0.1153846153846154
samtools_bam,pass1,0.0464716006884681
samtools_bam,fastqc_trimmed,0.2307692307692307
samtools_bam,run_multiqc,0.175438596491228
samtools_bam,sampleReads,0.2891566265060241
samtools_bam,pass2,0.0447284345047923
bamindex,generate_genome_star_index,0.1682692307692307
bamindex,run_star_pe,0.1653846153846153
bamindex,pass1,0.0946643717728055
bamindex,fastqc_trimmed,0.1555555555555555
bamindex,run_multiqc,0.1999999999999999
bamindex,sampleReads,0.1666666666666666
bamindex,pass2,0.0926517571884983
generate_genome_star_index,run_star_pe,0.2653846153846153
generate_genome_star_index,pass1,0.2271944922547332
generate_genome_star_index,fastqc_trimmed,0.1875
generate_genome_star_index,run_multiqc,0.1490384615384615
generate_genome_star_index,sampleReads,0.1634615384615384
generate_genome_star_index,pass2,0.2140575079872204
run_star_pe,pass1,0.2788296041308089
run_star_pe,fastqc_trimmed,0.2076923076923077
run_star_pe,run_multiqc,0.1423076923076923
run_star_pe,sampleReads,0.2115384615384615
run_star_pe,pass2,0.2667731629392971
pass1,fastqc_trimmed,0.0998278829604131
pass1,run_multiqc,0.0688468158347676
pass1,sampleReads,0.1015490533562822
pass1,pass2,0.926517571884984
fastqc_trimmed,run_multiqc,0.282051282051282
fastqc_trimmed,sampleReads,0.3373493975903614
fastqc_trimmed,pass2,0.0926517571884983
run_multiqc,sampleReads,0.2168674698795181
run_multiqc,pass2,0.0638977635782748
sampleReads,pass2,0.0942492012779552
