Process A,Process B
multiqc 2,tximeta
fastQCtrimmed 2,trim_galore_pe
bamindex,fastQCtrimmed 2
fastqScreen,salmonPE
fastqc,hisat2
kallistoQuant,samlon_quant
fastqScreen,fastqcrim
salmon_index_extended,trimgaloreSE
cutadapt,fastqc 5
cutadapt 2,salmon_quant
bamindex,run_star_se
salmonPE,startPE
sort_bams,startPE
MultiQC,multiqc 3
samtools_bam,trim_fasq_fastqc
counts_matrix,starindex
cutadapt 2,pass2
fastp_trimming_PE,hisat2
expressbam,fastqc
generate_genome_star_index,merge_trimmed_SE
hisat2,star_genome
mark_dups,samlon_quant
cutadapt 2,fastqc 6
fastqc 4,samtools_flagstat
fastqctrimmed,sortbam
salmon_quant_se,tastq_to_bam_HISAT
featureCounts,trim_fasq_fastqc
DRIMseq,tximeta
picard_rna_seq,rsem_norm
edgeR,startPE
fastqc 6,trim_fasq_fastqc
hisat2,sampleReads
run_star_se,salmonPE
bigwig,star_genome
edgeR,fastqc_trimmed
picard_rna_seq,salmon_quant_pe
fastqcrim,sortbam
fastqc 5,run_star_se
sortedbam_to_counts,starindex
DRIMSeq,sort_bams
multiqc 3,sort_bams
edgeR,multiqc 2
DRIMseq,pass1
map,run_multiqc
run_star_pe,trim_galore_pe
cutadapt 2,fastqc 3
bigwig,sampleReads
expressbam,samtools_bam
starSE,trimgaloreSE
salmon_index_extended,sortbam
expressbam,salmon_quant_se
fastqc,sort_index_bams
merge_trimmed_SE,sort_bams
run_multiqc,sort_bams
fastp_trimming_SE,salmon_index_extended
fastqc 3,samtools_flagstat
sampleReads,samtools_bam
generate_genome_star_index,salmon_index
map,multiqc 3
fastqc,fastqctrimmed
fastqc 2,trim_galore_pe
expressbam,merge_trimmed_PE
feature_counts,starindex
kallistoQuant,salmon_quant
multiqc 2,tastq_to_bam_HISAT
fastp_trimming_PE,sort_index_bams
run_star_se,sortedbam_to_counts
kallistoQuant,pass2
DRIMseq,merge_trimmed_SE
fastp_trimming_PE,fastqctrimmed
pass1,salmon_index_extended
bigwig,featureCounts 2
featureCounts 2,generate_genome_star_index
edgeR,star_genome
startPE,trim_galore_pe
fetch_unique_stringtie,sortedbam_to_rmdup
featureCounts 2,fetch_unique_stringtie
fastqc_trimmed,trimgaloreSE
mark_dups,salmon_quant
bigwig,starSE
RNA_SeqC,generate_genome_star_index
edgeR,sampleReads
fastqctrimmed,featureCounts 2
RNA_SeqC,fetch_unique_stringtie
multiqc 2,salmon_index
counts_matrix,trim_galore_pe
fastqc 2,rsem_norm
cutadapt,fastqScreen
bamindex,fastqc 4
fastqctrimmed,starSE
multiqc 3,salmonPE
MultiQC,fastQCtrimmed 2
fastp_trimming_SE,starindex
run_star_se,trimgalorePE
trim_galore_pe,tximeta
rsem_norm,tastq_to_bam_HISAT
merge_trimmed_PE,picard_rna_seq
fastqc,salmonSE
pass1,starindex
sortedbam_to_counts,trim_galore_pe
featureCounts 2,run_star_se
run_multiqc,salmonPE
fastp_trimming_PE,salmonSE
cutadapt 2,sort_bams
RNA_SeqC,fastQCtrimmed 2
salmon_index_extended,starSE
DRIMseq,samtools_bam
fastqc_trimmed,sortbam
RNA_SeqC,compare_reference_stringtie
RNA_SeqC,run_star_se
fastqc 5,trimgaloreSE
bamindex,multiqc 2
rsem_norm,salmon_index
pass2,samtools_bam
DRIMseq,salmon_quant_se
compare_reference_stringtie,hisat2
DRIMSeq,sortedbam_to_counts
multiqc 3,sortedbam_to_counts
pass2,salmon_quant_se
fastQCtrimmed 2,trim_fasq_fastqc
sortedbam_to_rmdup,trimgaloreSE
picard_rna_seq,trim_fasq_fastqc
cutadapt,pass2
DRIMseq,merge_trimmed_PE
fastqScreen,sortedbam_to_rmdup
hisat2,pass1
cutadapt,fastqc 6
bigwig,tximeta
salmon_quant,tastq_to_bam_HISAT
merge_trimmed_SE,sortedbam_to_counts
run_multiqc,sortedbam_to_counts
merge_trimmed_PE,tastq_to_bam_HISAT
featureCounts,mark_dups
bamindex,star_genome
fastqctrimmed,tximeta
salmon_quant_pe,star_genome
fastqc 6,mark_dups
fastqctrimmed,feature_counts
DRIMSeq,counts_matrix
bigwig,pass1
DRIMSeq,trimgalorePE
pass2,sort_index_bams
fastqc 5,sortbam
bamindex,sampleReads
run_star_se,sortedbam_to_rmdup
salmon_quant_se,samlon_quant
kallistoQuant,sort_bams
salmon_quant_pe,sampleReads
fastqc 6,startPE
merge_trimmed_PE,salmon_index
fastp_trimming_SE,trim_galore_pe
hisat2,merge_trimmed_SE
fastQCtrimmed 2,generate_genome_star_index
cutadapt 2,salmonPE
fastqc,samlon_quant
DRIMSeq,featureCounts
fetch_unique_stringtie,run_multiqc
compare_reference_stringtie,sort_index_bams
fastqc 6,fastqc_trimmed
merge_trimmed_SE,trimgalorePE
salmon_index_extended,tximeta
run_multiqc,trimgalorePE
compare_reference_stringtie,fastqctrimmed
bigwig,merge_trimmed_SE
fastqcrim,picard_rna_seq
pass1,trim_galore_pe
fastqc 4,map
fastqc 2,trim_fasq_fastqc
bamindex,featureCounts 2
edgeR,pass1
fastp_trimming_SE,rsem_norm
featureCounts 2,trimgaloreSE
bigwig,fastqc
pass2,samtools_flagstat
RNA_SeqC,fastqc 4
cutadapt 2,sortedbam_to_counts
MultiQC,startPE
startPE,trim_fasq_fastqc
multiqc 2,samlon_quant
salmon_quant_pe,starSE
bamindex,starSE
RNA_SeqC,trimgaloreSE
pass1,rsem_norm
MultiQC,fastqc_trimmed
salmonSE,sort_bams
counts_matrix,trim_fasq_fastqc
MultiQC,multiqc 2
starSE,tximeta
compare_reference_stringtie,samtools_flagstat
fastqctrimmed,tastq_to_bam_HISAT
hisat2,samtools_bam
trim_fasq_fastqc,trim_galore_pe
expressbam,pass2
generate_genome_star_index,kallistoQuant
fastqc 3,map
fastqc 5,featureCounts 2
edgeR,merge_trimmed_SE
kallistoQuant,salmonPE
hisat2,salmon_quant_se
fastqcrim,tastq_to_bam_HISAT
fastqc,salmon_quant
multiqc 3,sortedbam_to_rmdup
bigwig,samtools_bam
star_genome,tastq_to_bam_HISAT
cutadapt,sort_bams
mark_dups,run_star_pe
hisat2,merge_trimmed_PE
fastqScreen,run_multiqc
featureCounts 2,sortbam
fastqctrimmed,salmon_index
generate_genome_star_index,pass2
bigwig,salmon_quant_se
DRIMSeq,fastp_trimming_SE
mark_dups,salmonPE
rsem_norm,samlon_quant
sortedbam_to_counts,trim_fasq_fastqc
run_star_se,salmon_quant_pe
run_multiqc,sortedbam_to_rmdup
RNA_SeqC,sortbam
MultiQC,star_genome
fastqc_trimmed,feature_counts
fastqcrim,salmon_index
cutadapt 2,featureCounts
bigwig,merge_trimmed_PE
counts_matrix,generate_genome_star_index
kallistoQuant,sortedbam_to_counts
RNA_SeqC,expressbam
MultiQC,sampleReads
tastq_to_bam_HISAT,trimgaloreSE
bamindex,tximeta
map,multiqc 2
fastqc_trimmed,picard_rna_seq
multiqc 2,pass2
salmon_quant_pe,tximeta
DRIMSeq,cutadapt 2
fastp_trimming_PE,map
samlon_quant,starindex
picard_rna_seq,startPE
edgeR,samtools_bam
mark_dups,sortedbam_to_counts
bamindex,pass1
starSE,tastq_to_bam_HISAT
edgeR,salmon_quant_se
fetch_unique_stringtie,run_star_se
salmon_quant,samlon_quant
merge_trimmed_PE,samlon_quant
salmonPE,sort_index_bams
edgeR,merge_trimmed_PE
sort_bams,sort_index_bams
DRIMseq,pass2
fastqc 5,feature_counts
fastQCtrimmed 2,trimgaloreSE
hisat2,samtools_flagstat
map,star_genome
fastQCtrimmed 2,fastp_trimming_PE
rsem_norm,salmon_quant
fastp_trimming_SE,trim_fasq_fastqc
fastqcrim,salmonSE
salmonSE,sortedbam_to_counts
DRIMSeq,salmon_quant_pe
feature_counts,generate_genome_star_index
multiqc 3,salmon_quant_pe
bamindex,merge_trimmed_SE
featureCounts 2,starSE
RNA_SeqC,featureCounts 2
cutadapt 2,sortedbam_to_rmdup
feature_counts,fetch_unique_stringtie
map,sampleReads
fastqc_trimmed,tastq_to_bam_HISAT
fastqScreen,fetch_unique_stringtie
samtools_flagstat,sortedbam_to_counts
pass1,trim_fasq_fastqc
RNA_SeqC,starSE
cutadapt 2,fastp_trimming_SE
fastqc 2,mark_dups
DRIMSeq,edgeR
merge_trimmed_SE,salmon_quant_pe
sort_index_bams,starindex
run_multiqc,salmon_quant_pe
bamindex,fastqc
DRIMSeq,bigwig
multiqc 3,run_multiqc
fastqc_trimmed,salmon_index
salmonPE,samtools_flagstat
sampleReads,sort_bams
run_star_pe,trimgaloreSE
fastQCtrimmed 2,sortbam
salmonSE,trimgalorePE
fastp_trimming_SE,generate_genome_star_index
generate_genome_star_index,sort_bams
salmonPE,salmonSE
fastqc 4,salmon_index_extended
feature_counts,run_star_se
merge_trimmed_PE,salmon_quant
DRIMSeq,multiqc 3
map,starSE
fastqScreen,run_star_se
fastp_trimming_PE,fastqc 2
edgeR,samtools_flagstat
starindex,tximeta
salmon_index,trimgalorePE
bamindex,samtools_bam
cutadapt,trimgalorePE
fastqc 5,tastq_to_bam_HISAT
salmon_quant_pe,samtools_bam
kallistoQuant,sortedbam_to_rmdup
bigwig,fastqScreen
bamindex,salmon_quant_se
salmon_quant_pe,salmon_quant_se
merge_trimmed_SE,multiqc 3
sortedbam_to_rmdup,tastq_to_bam_HISAT
multiqc 2,sort_bams
cutadapt,featureCounts
featureCounts 2,tximeta
featureCounts 2,feature_counts
fastqcrim,samlon_quant
MultiQC,pass1
bamindex,merge_trimmed_PE
fastqc 3,trimgalorePE
fastqc 5,salmon_index
mark_dups,sortedbam_to_rmdup
run_star_pe,sortbam
RNA_SeqC,tximeta
counts_matrix,trimgaloreSE
featureCounts,picard_rna_seq
RNA_SeqC,feature_counts
compare_reference_stringtie,map
cutadapt 2,salmon_quant_pe
fastqc,run_star_pe
fastqc 4,starindex
counts_matrix,fastp_trimming_PE
fastp_trimming_PE,run_star_pe
fastqc,fastqcrim
sort_index_bams,trim_galore_pe
fetch_unique_stringtie,multiqc 2
cutadapt 2,edgeR
featureCounts,hisat2
generate_genome_star_index,salmonPE
MultiQC,merge_trimmed_SE
fastqc 6,hisat2
fastqctrimmed,kallistoQuant
fastp_trimming_PE,fastqcrim
rsem_norm,sort_bams
cutadapt 2,run_multiqc
sortedbam_to_counts,trimgaloreSE
salmonSE,sortedbam_to_rmdup
bigwig,pass2
map,tximeta
fastqcrim,kallistoQuant
fastqc,salmon_index_extended
samtools_flagstat,sortedbam_to_rmdup
RNA_SeqC,merge_trimmed_SE
counts_matrix,sortbam
fastqctrimmed,pass2
map,pass1
fastp_trimming_PE,salmon_index_extended
sampleReads,sortedbam_to_counts
multiqc 2,salmonPE
cutadapt 2,multiqc 3
fastqcrim,salmon_quant
counts_matrix,expressbam
fetch_unique_stringtie,star_genome
fastqScreen,fastqc 4
feature_counts,trimgaloreSE
featureCounts 2,tastq_to_bam_HISAT
generate_genome_star_index,sortedbam_to_counts
samtools_bam,sort_index_bams
sortbam,starindex
cutadapt,fastp_trimming_SE
RNA_SeqC,fastqc
fetch_unique_stringtie,sampleReads
expressbam,trimgalorePE
featureCounts,sort_index_bams
salmon_quant,sort_bams
MultiQC,samtools_bam
map,merge_trimmed_SE
fastqc 6,sort_index_bams
featureCounts 2,salmon_index
fastqc_trimmed,samlon_quant
fastqc,starindex
fastqc 6,fastqctrimmed
expressbam,featureCounts
sampleReads,trimgalorePE
fastqc 4,trim_galore_pe
multiqc 2,sortedbam_to_counts
MultiQC,salmon_quant_se
kallistoQuant,run_multiqc
compare_reference_stringtie,fastqc 2
rsem_norm,salmonPE
fastqScreen,multiqc 2
fastp_trimming_PE,starindex
cutadapt,cutadapt 2
fastp_trimming_SE,trimgaloreSE
MultiQC,merge_trimmed_PE
fastQCtrimmed 2,feature_counts
feature_counts,sortbam
mark_dups,run_multiqc
kallistoQuant,multiqc 3
fetch_unique_stringtie,starSE
run_star_se,startPE
fastqc 4,rsem_norm
salmonSE,salmon_quant_pe
fastQCtrimmed 2,picard_rna_seq
bamindex,fastqScreen
fastqc 3,trim_galore_pe
fastqc 6,samtools_flagstat
cutadapt,rsem_norm
fastqc_trimmed,kallistoQuant
mark_dups,multiqc 3
rsem_norm,sortedbam_to_counts
fastqScreen,star_genome
fastqc 5,samlon_quant
featureCounts,salmonSE
map,samtools_bam
merge_trimmed_PE,run_star_pe
fastqc 6,salmonSE
salmon_index,salmon_quant_pe
cutadapt,salmon_quant_pe
fastp_trimming_SE,sortbam
fastqScreen,sampleReads
map,salmon_quant_se
bigwig,sort_bams
merge_trimmed_PE,salmonPE
fastqc_trimmed,salmon_quant
cutadapt 2,fastQCtrimmed 2
trim_fasq_fastqc,trimgaloreSE
fastqc 3,rsem_norm
edgeR,map
DRIMseq,trimgalorePE
map,merge_trimmed_PE
cutadapt,edgeR
RNA_SeqC,fastqc 5
DRIMseq,RNA_SeqC
pass2,salmon_index_extended
fastqctrimmed,sort_bams
MultiQC,samtools_flagstat
DRIMseq,featureCounts
DRIMSeq,mark_dups
fastQCtrimmed 2,tastq_to_bam_HISAT
bamindex,pass2
generate_genome_star_index,sortedbam_to_rmdup
fastqScreen,featureCounts 2
run_star_se,sampleReads
compare_reference_stringtie,salmon_index_extended
salmon_quant,sortedbam_to_counts
fastqc 5,kallistoQuant
fetch_unique_stringtie,tximeta
feature_counts,starSE
DRIMSeq,startPE
merge_trimmed_PE,sortedbam_to_counts
fastqc 2,picard_rna_seq
fastqScreen,starSE
salmon_index_extended,sort_bams
DRIMSeq,fastqc_trimmed
fastQCtrimmed 2,salmon_index
counts_matrix,feature_counts
picard_rna_seq,sort_index_bams
fastqc 5,salmon_quant
merge_trimmed_SE,startPE
multiqc 2,sortedbam_to_rmdup
run_multiqc,startPE
fastqc 2,hisat2
featureCounts,samlon_quant
counts_matrix,picard_rna_seq
fastqc 5,fastqc 6
run_star_pe,tastq_to_bam_HISAT
compare_reference_stringtie,starindex
DRIMSeq,bamindex
fastqctrimmed,salmonPE
fastqcrim,run_star_pe
fetch_unique_stringtie,merge_trimmed_SE
expressbam,rsem_norm
multiqc 3,star_genome
mark_dups,run_star_se
fastqc 4,trim_fasq_fastqc
trim_galore_pe,trimgalorePE
expressbam,salmon_quant_pe
fastqcrim,salmonPE
run_star_pe,salmon_index
edgeR,fastqc 2
picard_rna_seq,samtools_flagstat
rsem_norm,sortedbam_to_rmdup
RNA_SeqC,fastqScreen
salmon_index,trim_fasq_fastqc
cutadapt 2,fastqc 4
multiqc 3,sampleReads
startPE,tastq_to_bam_HISAT
feature_counts,tximeta
picard_rna_seq,salmonSE
fastqScreen,tximeta
fastqScreen,feature_counts
generate_genome_star_index,salmon_quant_pe
fastqc 2,sort_index_bams
fastqctrimmed,sortedbam_to_counts
DRIMSeq,cutadapt
counts_matrix,tastq_to_bam_HISAT
featureCounts 2,kallistoQuant
fastqc_trimmed,sort_bams
run_multiqc,sampleReads
fastqc 2,fastqctrimmed
hisat2,trimgalorePE
fastqc 3,trim_fasq_fastqc
featureCounts,salmon_quant
DRIMseq,cutadapt 2
fastqc 4,generate_genome_star_index
cutadapt 2,fastqc_trimmed
cutadapt 2,multiqc 2
bigwig,trimgalorePE
bamindex,sort_bams
generate_genome_star_index,run_multiqc
salmon_quant_pe,sort_bams
counts_matrix,salmon_index
featureCounts 2,pass2
pass2,trim_galore_pe
salmon_index_extended,sortedbam_to_counts
multiqc 2,salmon_quant_pe
samlon_quant,trimgaloreSE
sortedbam_to_counts,tastq_to_bam_HISAT
salmon_quant,sortedbam_to_rmdup
feature_counts,merge_trimmed_SE
bigwig,featureCounts
RNA_SeqC,pass2
merge_trimmed_PE,sortedbam_to_rmdup
fastqScreen,merge_trimmed_SE
fetch_unique_stringtie,merge_trimmed_PE
compare_reference_stringtie,trim_galore_pe
salmonPE,salmon_index_extended
generate_genome_star_index,multiqc 3
fastp_trimming_SE,picard_rna_seq
RNA_SeqC,fastqc 6
DRIMseq,rsem_norm
fastqctrimmed,featureCounts
fastqc 6,map
multiqc 2,run_multiqc
fastqc 5,sort_bams
pass2,rsem_norm
DRIMseq,salmon_quant_pe
fastqc 2,salmonSE
cutadapt 2,star_genome
fastqScreen,fastqc
salmon_index_extended,trimgalorePE
pass1,picard_rna_seq
fastQCtrimmed 2,samlon_quant
edgeR,trimgalorePE
fastqc_trimmed,salmonPE
RNA_SeqC,fastqc 3
map,pass2
fastqc_trimmed,fastqcrim
cutadapt 2,sampleReads
compare_reference_stringtie,rsem_norm
multiqc 2,multiqc 3
samlon_quant,sortbam
DRIMSeq,MultiQC
kallistoQuant,multiqc 2
feature_counts,salmon_index
expressbam,trim_fasq_fastqc
counts_matrix,fastqc 5
salmonPE,starindex
sort_bams,starindex
sort_index_bams,trimgaloreSE
MultiQC,map
rsem_norm,run_multiqc
fastqc,generate_genome_star_index
fastp_trimming_SE,tastq_to_bam_HISAT
fastqc,fetch_unique_stringtie
mark_dups,multiqc 2
fastqc_trimmed,sortedbam_to_counts
fastp_trimming_PE,generate_genome_star_index
fastp_trimming_PE,fetch_unique_stringtie
DRIMSeq,pass1
multiqc 3,pass1
run_star_pe,samlon_quant
fastQCtrimmed 2,kallistoQuant
pass1,tastq_to_bam_HISAT
fastqScreen,merge_trimmed_PE
fastqctrimmed,sortedbam_to_rmdup
fastqc 5,salmonPE
kallistoQuant,star_genome
fastp_trimming_SE,salmon_index
salmonSE,startPE
run_star_se,samtools_bam
fastqcrim,sortedbam_to_rmdup
cutadapt,mark_dups
fastp_trimming_SE,fastqctrimmed
fastQCtrimmed 2,salmon_quant
kallistoQuant,sampleReads
hisat2,trim_galore_pe
run_star_se,salmon_quant_se
sort_index_bams,sortbam
mark_dups,star_genome
pass1,salmon_index
featureCounts 2,sort_bams
salmon_index_extended,sortedbam_to_rmdup
fastqc,run_star_se
salmon_index,startPE
cutadapt,startPE
bigwig,cutadapt 2
merge_trimmed_PE,run_multiqc
RNA_SeqC,sort_bams
cutadapt,fastqc_trimmed
mark_dups,sampleReads
fastqScreen,fastqc 5
fastp_trimming_PE,run_star_se
fastqc 3,mark_dups
samlon_quant,starSE
fastqc 5,sortedbam_to_counts
fastqc 4,trimgaloreSE
counts_matrix,samlon_quant
bamindex,trimgalorePE
salmon_quant_pe,trimgalorePE
hisat2,rsem_norm
DRIMseq,trim_fasq_fastqc
run_star_se,sort_index_bams
fastQCtrimmed 2,fastqc 3
merge_trimmed_PE,multiqc 3
salmonSE,star_genome
salmonPE,trim_galore_pe
sort_bams,trim_galore_pe
pass2,trim_fasq_fastqc
kallistoQuant,starSE
bamindex,featureCounts
run_star_pe,salmon_quant
bigwig,rsem_norm
MultiQC,fastqc 2
fastp_trimming_SE,salmonSE
samtools_flagstat,star_genome
DRIMSeq,hisat2
salmonSE,sampleReads
featureCounts,run_star_pe
bigwig,salmon_quant_pe
compare_reference_stringtie,trim_fasq_fastqc
mark_dups,starSE
edgeR,trim_galore_pe
cutadapt 2,pass1
DRIMSeq,samtools_bam
pass1,salmonSE
multiqc 3,samtools_bam
fastqc 2,salmon_quant
fastqctrimmed,salmon_quant_pe
featureCounts 2,salmonPE
bigwig,edgeR
fastqc 4,sortbam
DRIMSeq,salmon_quant_se
multiqc 3,salmon_quant_se
counts_matrix,kallistoQuant
RNA_SeqC,salmonPE
sortbam,trimgaloreSE
run_star_se,samtools_flagstat
merge_trimmed_SE,samtools_bam
run_multiqc,samtools_bam
fetch_unique_stringtie,pass2
fastqc_trimmed,sortedbam_to_rmdup
featureCounts,salmon_index_extended
samlon_quant,tximeta
edgeR,rsem_norm
fastqc 6,salmon_index_extended
counts_matrix,salmon_quant
fastqctrimmed,run_multiqc
salmon_index_extended,salmon_quant_pe
expressbam,mark_dups
merge_trimmed_SE,salmon_quant_se
run_multiqc,salmon_quant_se
cutadapt 2,merge_trimmed_SE
compare_reference_stringtie,generate_genome_star_index
fastqc,fastqc 4
fastqc,trimgaloreSE
DRIMSeq,sort_index_bams
samtools_flagstat,starSE
fastqcrim,run_multiqc
featureCounts 2,sortedbam_to_counts
counts_matrix,fastqc 6
expressbam,startPE
kallistoQuant,tximeta
samtools_bam,starindex
fastqctrimmed,multiqc 3
fastp_trimming_PE,trimgaloreSE
expressbam,fastqc_trimmed
generate_genome_star_index,mark_dups
RNA_SeqC,sortedbam_to_counts
sampleReads,startPE
fastp_trimming_SE,samlon_quant
kallistoQuant,pass1
merge_trimmed_SE,sort_index_bams
run_multiqc,sort_index_bams
starindex,trimgalorePE
counts_matrix,fastqc 3
mark_dups,tximeta
generate_genome_star_index,startPE
featureCounts,starindex
feature_counts,kallistoQuant
MultiQC,trimgalorePE
fastqc 6,starindex
MultiQC,RNA_SeqC
fastqc 5,sortedbam_to_rmdup
pass1,samlon_quant
merge_trimmed_PE,run_star_se
generate_genome_star_index,multiqc 2
mark_dups,pass1
hisat2,trim_fasq_fastqc
bamindex,cutadapt 2
cutadapt 2,samtools_bam
fastqc,sortbam
RNA_SeqC,counts_matrix
DRIMSeq,samtools_flagstat
multiqc 3,samtools_flagstat
feature_counts,pass2
RNA_SeqC,trimgalorePE
kallistoQuant,merge_trimmed_SE
fastqScreen,pass2
cutadapt 2,salmon_quant_se
multiqc 2,startPE
samlon_quant,tastq_to_bam_HISAT
fastp_trimming_PE,sortbam
run_star_pe,sort_bams
salmon_quant_se,star_genome
RNA_SeqC,featureCounts
cutadapt 2,merge_trimmed_PE
fastqScreen,fastqc 6
fastp_trimming_SE,kallistoQuant
fastQCtrimmed 2,run_star_pe
merge_trimmed_SE,samtools_flagstat
samtools_flagstat,tximeta
run_multiqc,samtools_flagstat
mark_dups,merge_trimmed_SE
DRIMseq,mark_dups
generate_genome_star_index,star_genome
fastQCtrimmed 2,salmonPE
salmon_quant_se,sampleReads
bamindex,rsem_norm
fastQCtrimmed 2,fastqcrim
fastp_trimming_SE,salmon_quant
map,trimgalorePE
fastqcrim,fetch_unique_stringtie
DRIMseq,startPE
fastqScreen,fastqc 3
bamindex,salmon_quant_pe
generate_genome_star_index,sampleReads
DRIMseq,fastqc_trimmed
fastqc_trimmed,run_multiqc
fetch_unique_stringtie,sort_bams
pass1,salmon_quant
sortbam,starSE
picard_rna_seq,salmon_index_extended
edgeR,trim_fasq_fastqc
bamindex,edgeR
multiqc 2,star_genome
kallistoQuant,samtools_bam
fastqc,featureCounts 2
fastQCtrimmed 2,sortedbam_to_counts
fastqc 6,trim_galore_pe
fastqc_trimmed,multiqc 3
sort_index_bams,tastq_to_bam_HISAT
kallistoQuant,salmon_quant_se
featureCounts 2,sortedbam_to_rmdup
multiqc 2,sampleReads
salmon_quant_se,starSE
run_star_pe,salmonPE
fastp_trimming_PE,featureCounts 2
fastqc,starSE
mark_dups,samtools_bam
DRIMseq,bamindex
fastqcrim,run_star_se
kallistoQuant,merge_trimmed_PE
RNA_SeqC,sortedbam_to_rmdup
fastqc 4,picard_rna_seq
fastqc 2,run_star_pe
fastp_trimming_PE,starSE
cutadapt 2,samtools_flagstat
mark_dups,salmon_quant_se
compare_reference_stringtie,trimgaloreSE
compare_reference_stringtie,fastp_trimming_PE
RNA_SeqC,fastp_trimming_SE
fastqc 5,run_multiqc
fastqc 2,fastqcrim
mark_dups,merge_trimmed_PE
picard_rna_seq,starindex
rsem_norm,star_genome
MultiQC,cutadapt 2
MultiQC,trim_galore_pe
run_star_pe,sortedbam_to_counts
fetch_unique_stringtie,salmonPE
salmonSE,samtools_bam
counts_matrix,run_star_pe
rsem_norm,sampleReads
DRIMseq,cutadapt
feature_counts,sort_bams
merge_trimmed_PE,multiqc 2
fastqc 5,multiqc 3
cutadapt,hisat2
fastqScreen,sort_bams
fastqc 3,picard_rna_seq
fastqc 2,salmon_index_extended
salmonSE,salmon_quant_se
counts_matrix,salmonPE
sortbam,tximeta
RNA_SeqC,cutadapt 2
counts_matrix,fastqcrim
fastqc_trimmed,fetch_unique_stringtie
fastqc 4,tastq_to_bam_HISAT
compare_reference_stringtie,sortbam
MultiQC,rsem_norm
hisat2,mark_dups
salmon_quant_se,tximeta
fastqc 3,hisat2
fastqc,tximeta
compare_reference_stringtie,expressbam
fastqc,feature_counts
fetch_unique_stringtie,sortedbam_to_counts
salmon_quant,star_genome
hisat2,startPE
salmonSE,sort_index_bams
merge_trimmed_PE,star_genome
bigwig,mark_dups
featureCounts 2,salmon_quant_pe
rsem_norm,starSE
fastp_trimming_PE,tximeta
fastp_trimming_PE,feature_counts
fastqc 4,salmon_index
counts_matrix,sortedbam_to_counts
salmon_quant,sampleReads
fastqc 2,starindex
RNA_SeqC,salmon_quant_pe
bigwig,startPE
fastqc 4,fastqctrimmed
merge_trimmed_PE,sampleReads
generate_genome_star_index,pass1
fastqc_trimmed,run_star_se
salmon_index,sort_index_bams
cutadapt,sort_index_bams
bigwig,fastqc_trimmed
cutadapt,fastqctrimmed
feature_counts,salmonPE
featureCounts 2,run_multiqc
fastQCtrimmed 2,sortedbam_to_rmdup
fastqctrimmed,startPE
picard_rna_seq,trim_galore_pe
RNA_SeqC,edgeR
fetch_unique_stringtie,trimgalorePE
DRIMSeq,map
RNA_SeqC,bigwig
fastqc,merge_trimmed_SE
map,rsem_norm
RNA_SeqC,run_multiqc
sortbam,tastq_to_bam_HISAT
fastqctrimmed,multiqc 2
DRIMseq,MultiQC
multiqc 2,pass1
fastqc 3,sort_index_bams
edgeR,mark_dups
map,salmon_quant_pe
salmonSE,samtools_flagstat
featureCounts 2,multiqc 3
fastqc 3,fastqctrimmed
salmon_quant,starSE
fastqcrim,multiqc 2
salmon_index_extended,startPE
fastp_trimming_SE,run_star_pe
merge_trimmed_PE,starSE
RNA_SeqC,multiqc 3
fastqc,tastq_to_bam_HISAT
expressbam,hisat2
feature_counts,sortedbam_to_counts
fastqc 4,salmonSE
sort_bams,trimgaloreSE
salmonPE,trimgaloreSE
salmon_index,samtools_flagstat
fastp_trimming_SE,fastqcrim
fastqScreen,sortedbam_to_counts
fastp_trimming_PE,fastqc
cutadapt,samtools_flagstat
rsem_norm,tximeta
pass1,run_star_pe
fastp_trimming_PE,tastq_to_bam_HISAT
run_star_pe,sortedbam_to_rmdup
cutadapt,salmonSE
fastqctrimmed,star_genome
fastqc,salmon_index
fastqcrim,star_genome
fastqctrimmed,sampleReads
bigwig,cutadapt
fastp_trimming_PE,salmon_index
starSE,startPE
generate_genome_star_index,samtools_bam
featureCounts,generate_genome_star_index
fastqc 3,salmonSE
MultiQC,trim_fasq_fastqc
feature_counts,trimgalorePE
fastqc 6,generate_genome_star_index
fastqcrim,sampleReads
salmon_index_extended,star_genome
featureCounts,fetch_unique_stringtie
fastqScreen,trimgalorePE
generate_genome_star_index,salmon_quant_se
salmonPE,sortbam
sort_bams,sortbam
salmon_index_extended,sampleReads
fastqScreen,featureCounts
expressbam,sort_index_bams
generate_genome_star_index,merge_trimmed_PE
salmon_quant,tximeta
counts_matrix,sortedbam_to_rmdup
mark_dups,pass2
DRIMSeq,fastqc 2
merge_trimmed_PE,tximeta
DRIMseq,picard_rna_seq
expressbam,fastqctrimmed
multiqc 2,samtools_bam
pass2,picard_rna_seq
sampleReads,sort_index_bams
counts_matrix,fastp_trimming_SE
fastqcrim,featureCounts 2
run_star_se,salmon_index_extended
fastQCtrimmed 2,run_multiqc
merge_trimmed_PE,pass1
bamindex,mark_dups
multiqc 2,salmon_quant_se
fastqc 4,samlon_quant
generate_genome_star_index,sort_index_bams
featureCounts,run_star_se
fastqc_trimmed,multiqc 2
fastqcrim,starSE
DRIMseq,hisat2
starSE,star_genome
compare_reference_stringtie,picard_rna_seq
fastqc,fastqc 5
bamindex,startPE
salmon_quant_pe,startPE
map,trim_fasq_fastqc
fastp_trimming_PE,fastqc 5
fastQCtrimmed 2,multiqc 3
bamindex,fastqc_trimmed
expressbam,samtools_flagstat
merge_trimmed_PE,merge_trimmed_SE
rsem_norm,samtools_bam
expressbam,salmonSE
feature_counts,sortedbam_to_rmdup
run_star_se,starindex
sampleReads,samtools_flagstat
rsem_norm,salmon_quant_se
pass2,tastq_to_bam_HISAT
fastqc_trimmed,star_genome
fastqc 4,kallistoQuant
generate_genome_star_index,samtools_flagstat
fastqc 5,fastqc_trimmed
samlon_quant,sort_bams
fetch_unique_stringtie,salmon_quant_pe
fastqc_trimmed,sampleReads
fastqc 5,multiqc 2
compare_reference_stringtie,tastq_to_bam_HISAT
DRIMseq,sort_index_bams
fastqc 4,salmon_quant
DRIMSeq,salmon_index_extended
DRIMseq,fastqctrimmed
multiqc 3,trimgalorePE
DRIMSeq,RNA_SeqC
fastqcrim,tximeta
fastqcrim,feature_counts
fastqctrimmed,pass1
fastp_trimming_SE,sortedbam_to_rmdup
multiqc 2,samtools_flagstat
star_genome,tximeta
salmon_quant,samtools_bam
compare_reference_stringtie,salmon_index
fastQCtrimmed 2,fetch_unique_stringtie
samtools_bam,trimgaloreSE
merge_trimmed_SE,salmon_index_extended
merge_trimmed_PE,samtools_bam
run_multiqc,salmon_index_extended
fastqc_trimmed,featureCounts 2
fastqcrim,pass1
salmon_quant,salmon_quant_se
fastp_trimming_PE,samlon_quant
bamindex,cutadapt
counts_matrix,run_multiqc
fastqc 5,star_genome
merge_trimmed_PE,salmon_quant_se
mark_dups,sort_bams
fastqc_trimmed,starSE
hisat2,picard_rna_seq
fastqc 3,salmon_quant
featureCounts,trimgaloreSE
fetch_unique_stringtie,multiqc 3
MultiQC,mark_dups
fastqc 6,trimgaloreSE
sortedbam_to_rmdup,star_genome
fastqc 5,sampleReads
fastqctrimmed,merge_trimmed_SE
DRIMseq,samtools_flagstat
fastp_trimming_PE,fastqScreen
DRIMSeq,starindex
starindex,startPE
cutadapt,map
counts_matrix,multiqc 3
DRIMseq,salmonSE
fastqcrim,merge_trimmed_SE
run_star_se,trim_galore_pe
fastQCtrimmed 2,run_star_se
pass2,salmonSE
feature_counts,salmon_quant_pe
RNA_SeqC,mark_dups
featureCounts 2,startPE
fastqc,kallistoQuant
fastqScreen,salmon_quant_pe
samtools_bam,sortbam
merge_trimmed_SE,starindex
run_multiqc,starindex
bigwig,hisat2
fastp_trimming_PE,kallistoQuant
RNA_SeqC,startPE
samtools_flagstat,sort_bams
featureCounts 2,multiqc 2
compare_reference_stringtie,salmonSE
fastqc 2,generate_genome_star_index
RNA_SeqC,fastqc_trimmed
featureCounts,sortbam
fastqc 2,fetch_unique_stringtie
fastqc 5,starSE
fastqc,pass2
feature_counts,run_multiqc
fastqc 6,sortbam
RNA_SeqC,multiqc 2
cutadapt 2,trimgalorePE
fastp_trimming_PE,salmon_quant
samlon_quant,sortedbam_to_counts
MultiQC,bamindex
edgeR,picard_rna_seq
map,mark_dups
sortedbam_to_rmdup,starSE
fastp_trimming_PE,pass2
fastqc,fastqc 6
fastqctrimmed,samtools_bam
fastqc_trimmed,tximeta
run_star_pe,run_star_se
fastp_trimming_PE,fastqc 6
feature_counts,multiqc 3
fastqctrimmed,salmon_quant_se
map,startPE
hisat2,sort_index_bams
fastqcrim,samtools_bam
fastqScreen,multiqc 3
counts_matrix,fetch_unique_stringtie
featureCounts 2,star_genome
RNA_SeqC,bamindex
edgeR,hisat2
fastqc_trimmed,pass1
fastqc,fastqc 3
fastqctrimmed,merge_trimmed_PE
salmonPE,tastq_to_bam_HISAT
fastp_trimming_SE,run_multiqc
sort_bams,tastq_to_bam_HISAT
salmon_index_extended,samtools_bam
RNA_SeqC,star_genome
bigwig,sort_index_bams
fastqc 2,run_star_se
featureCounts 2,sampleReads
fastp_trimming_PE,fastqc 3
DRIMSeq,trim_galore_pe
multiqc 3,trim_galore_pe
fastqcrim,merge_trimmed_PE
bigwig,fastqctrimmed
MultiQC,cutadapt
salmon_index_extended,salmon_quant_se
pass2,samlon_quant
RNA_SeqC,sampleReads
cutadapt,fastqc 2
samtools_bam,starSE
counts_matrix,fastQCtrimmed 2
salmonPE,salmon_index
expressbam,map
merge_trimmed_SE,trim_galore_pe
fastqc_trimmed,merge_trimmed_SE
run_multiqc,trim_galore_pe
featureCounts,featureCounts 2
kallistoQuant,trimgalorePE
fastQCtrimmed 2,fastqc 4
compare_reference_stringtie,samlon_quant
sort_index_bams,sortedbam_to_counts
counts_matrix,run_star_se
RNA_SeqC,cutadapt
fastqc 5,tximeta
picard_rna_seq,trimgaloreSE
DRIMSeq,rsem_norm
multiqc 3,rsem_norm
featureCounts,starSE
sortedbam_to_rmdup,tximeta
salmon_index_extended,sort_index_bams
hisat2,salmonSE
fastqc 5,pass1
mark_dups,trimgalorePE
generate_genome_star_index,map
edgeR,sort_index_bams
bigwig,samtools_flagstat
fastqc 4,run_star_pe
edgeR,fastqctrimmed
merge_trimmed_SE,rsem_norm
bigwig,salmonSE
fastqc 4,fastqcrim
fastQCtrimmed 2,multiqc 2
fastqctrimmed,samtools_flagstat
trimgalorePE,trimgaloreSE
salmon_quant_se,sort_bams
fastqc,sort_bams
fastqc 5,merge_trimmed_SE
compare_reference_stringtie,kallistoQuant
pass2,salmon_quant
salmonSE,salmon_index_extended
picard_rna_seq,sortbam
fastqc_trimmed,samtools_bam
run_star_se,trim_fasq_fastqc
fastp_trimming_SE,fetch_unique_stringtie
samlon_quant,sortedbam_to_rmdup
fastqc 3,run_star_pe
bamindex,hisat2
fastp_trimming_PE,sort_bams
samtools_bam,tximeta
fastqc_trimmed,salmon_quant_se
salmon_index_extended,samtools_flagstat
samtools_flagstat,trimgalorePE
cutadapt 2,trim_galore_pe
compare_reference_stringtie,salmon_quant
fastqc 2,fastqc 4
merge_trimmed_PE,pass2
salmon_index,salmon_index_extended
cutadapt,salmon_index_extended
fastqc 2,trimgaloreSE
fastqc 3,fastqcrim
fastqc_trimmed,merge_trimmed_PE
fastQCtrimmed 2,star_genome
edgeR,salmonSE
DRIMseq,map
featureCounts,tximeta
featureCounts,feature_counts
fastqc 6,feature_counts
expressbam,fastqc 2
startPE,trimgaloreSE
fastQCtrimmed 2,sampleReads
fetch_unique_stringtie,mark_dups
cutadapt 2,rsem_norm
fastqc 3,salmon_index_extended
counts_matrix,fastqc 4
fastp_trimming_SE,run_star_se
featureCounts 2,pass1
fastqc 6,picard_rna_seq
compare_reference_stringtie,fastqc 3
fastqc 5,samtools_bam
fetch_unique_stringtie,startPE
fastqc,salmonPE
RNA_SeqC,pass1
fastqc 5,salmon_quant_se
salmon_quant_pe,sort_index_bams
bamindex,sort_index_bams
salmon_index,starindex
pass1,run_star_se
cutadapt,starindex
fastQCtrimmed 2,featureCounts 2
sort_index_bams,sortedbam_to_rmdup
run_star_pe,star_genome
fastqc 2,sortbam
bamindex,fastqctrimmed
fastp_trimming_PE,salmonPE
fastqc 5,merge_trimmed_PE
kallistoQuant,trim_galore_pe
DRIMSeq,trim_fasq_fastqc
multiqc 3,trim_fasq_fastqc
sortbam,sortedbam_to_counts
fastQCtrimmed 2,starSE
counts_matrix,multiqc 2
samtools_bam,tastq_to_bam_HISAT
salmonPE,samlon_quant
run_star_pe,sampleReads
featureCounts 2,merge_trimmed_SE
fastqc 3,starindex
MultiQC,picard_rna_seq
salmon_quant_se,sortedbam_to_counts
merge_trimmed_SE,trim_fasq_fastqc
run_multiqc,trim_fasq_fastqc
featureCounts,tastq_to_bam_HISAT
fastqc,sortedbam_to_counts
fastqc 6,tastq_to_bam_HISAT
kallistoQuant,rsem_norm
fastqcrim,pass2
fastp_trimming_PE,sortedbam_to_counts
bamindex,samtools_flagstat
salmon_quant_pe,samtools_flagstat
feature_counts,mark_dups
tastq_to_bam_HISAT,tximeta
kallistoQuant,salmon_quant_pe
MultiQC,hisat2
fastqScreen,mark_dups
counts_matrix,star_genome
DRIMseq,fastqc 2
DRIMSeq,generate_genome_star_index
expressbam,salmon_index_extended
bamindex,salmonSE
featureCounts,salmon_index
mark_dups,rsem_norm
run_star_pe,starSE
fastqc 6,salmon_index
feature_counts,startPE
salmonSE,trim_galore_pe
fastqScreen,startPE
counts_matrix,sampleReads
merge_trimmed_PE,sort_bams
mark_dups,salmon_quant_pe
salmon_quant_se,trimgalorePE
fastqc 2,featureCounts 2
fastqc 4,sortedbam_to_rmdup
fastqScreen,fastqc_trimmed
featureCounts 2,samtools_bam
feature_counts,multiqc 2
fastp_trimming_SE,fastqc 4
hisat2,map
generate_genome_star_index,trimgalorePE
fastqc 2,starSE
salmonPE,salmon_quant
sortedbam_to_counts,star_genome
featureCounts 2,salmon_quant_se
salmon_index,trim_galore_pe
map,picard_rna_seq
cutadapt,trim_galore_pe
RNA_SeqC,samtools_bam
fastQCtrimmed 2,tximeta
fastqc,featureCounts
bigwig,map
featureCounts 2,merge_trimmed_PE
RNA_SeqC,salmon_quant_se
fastp_trimming_PE,featureCounts
counts_matrix,featureCounts 2
pass1,trimgaloreSE
cutadapt 2,trim_fasq_fastqc
fastQCtrimmed 2,pass1
expressbam,starindex
DRIMseq,run_star_pe
edgeR,salmon_quant
MultiQC,sort_index_bams
RNA_SeqC,merge_trimmed_PE
fastqctrimmed,map
counts_matrix,starSE
pass2,run_star_pe
multiqc 2,trimgalorePE
MultiQC,fastqctrimmed
feature_counts,star_genome
fastp_trimming_SE,multiqc 2
sampleReads,starindex
feature_counts,sampleReads
compare_reference_stringtie,run_star_pe
RNA_SeqC,sort_index_bams
run_star_pe,tximeta
sortbam,sortedbam_to_rmdup
fastQCtrimmed 2,merge_trimmed_SE
compare_reference_stringtie,salmonPE
fastqc_trimmed,pass2
DRIMseq,salmon_index_extended
compare_reference_stringtie,fastqcrim
sortedbam_to_counts,starSE
pass1,sortbam
salmon_quant_se,sortedbam_to_rmdup
fastp_trimming_SE,star_genome
fastqc 2,tximeta
fastQCtrimmed 2,fastqc
fastqc 2,feature_counts
fastqc,sortedbam_to_rmdup
rsem_norm,trimgalorePE
picard_rna_seq,tastq_to_bam_HISAT
fastqcrim,sort_bams
kallistoQuant,trim_fasq_fastqc
map,sort_index_bams
fastp_trimming_PE,sortedbam_to_rmdup
MultiQC,salmonSE
fastp_trimming_SE,sampleReads
featureCounts 2,samtools_flagstat
startPE,tximeta
multiqc 3,startPE
compare_reference_stringtie,sortedbam_to_counts
fastp_trimming_PE,fastp_trimming_SE
RNA_SeqC,samtools_flagstat
counts_matrix,tximeta
picard_rna_seq,salmon_index
fetch_unique_stringtie,pass1
fastqc 4,run_multiqc
DRIMseq,starindex
bigwig,fastqc 2
expressbam,trim_galore_pe
fastQCtrimmed 2,samtools_bam
fastqc 5,pass2
pass2,starindex
counts_matrix,pass1
fastp_trimming_SE,featureCounts 2
fastQCtrimmed 2,salmon_quant_se
DRIMSeq,trimgaloreSE
fastqc 6,samlon_quant
sampleReads,trim_galore_pe
DRIMSeq,fastp_trimming_PE
salmonPE,sort_bams
salmon_quant,trimgalorePE
fastp_trimming_SE,starSE
generate_genome_star_index,trim_galore_pe
fastQCtrimmed 2,merge_trimmed_PE
merge_trimmed_PE,trimgalorePE
sortedbam_to_counts,tximeta
map,samtools_flagstat
salmonSE,trim_fasq_fastqc
merge_trimmed_SE,trimgaloreSE
hisat2,run_star_pe
map,salmonSE
fastqc 2,tastq_to_bam_HISAT
pass1,starSE
counts_matrix,merge_trimmed_SE
run_star_pe,samtools_bam
bamindex,map
cutadapt,trim_fasq_fastqc
generate_genome_star_index,rsem_norm
multiqc 2,trim_galore_pe
fastqc,salmon_quant_pe
run_star_pe,salmon_quant_se
cutadapt 2,mark_dups
fastQCtrimmed 2,fastqc 5
featureCounts,kallistoQuant
DRIMSeq,sortbam
fastqc 2,salmon_index
counts_matrix,fastqc
fastqc 6,kallistoQuant
fastp_trimming_PE,salmon_quant_pe
trimgaloreSE,tximeta
feature_counts,pass1
hisat2,salmon_index_extended
DRIMSeq,expressbam
fetch_unique_stringtie,hisat2
fastqScreen,pass1
cutadapt 2,startPE
fastqcrim,sortedbam_to_counts
fastqc 6,salmon_quant
fastqc,run_multiqc
merge_trimmed_SE,sortbam
featureCounts,pass2
multiqc 2,rsem_norm
DRIMseq,trim_galore_pe
fastqc 4,fetch_unique_stringtie
bigwig,salmon_index_extended
fetch_unique_stringtie,samtools_bam
fastp_trimming_PE,run_multiqc
fastp_trimming_SE,tximeta
cutadapt,generate_genome_star_index
fastp_trimming_SE,feature_counts
edgeR,run_star_pe
fetch_unique_stringtie,salmon_quant_se
counts_matrix,samtools_bam
fastqctrimmed,trimgalorePE
fastqc,multiqc 3
compare_reference_stringtie,sortedbam_to_rmdup
counts_matrix,salmon_quant_se
edgeR,fastqcrim
pass1,tximeta
fastp_trimming_PE,multiqc 3
samlon_quant,startPE
fastqcrim,trimgalorePE
hisat2,starindex
fastqc 3,generate_genome_star_index
counts_matrix,merge_trimmed_PE
star_genome,trimgalorePE
fastqc 3,fetch_unique_stringtie
kallistoQuant,mark_dups
salmonPE,sortedbam_to_counts
sort_bams,sortedbam_to_counts
MultiQC,salmon_quant
fastqc 4,run_star_se
fastqc 2,fastqc 5
fastqcrim,featureCounts
fetch_unique_stringtie,sort_index_bams
bigwig,starindex
edgeR,salmon_index_extended
picard_rna_seq,samlon_quant
kallistoQuant,startPE
rsem_norm,salmon_quant_pe
fastp_trimming_SE,merge_trimmed_SE
bamindex,fastqc 2
fastqScreen,hisat2
trim_fasq_fastqc,tximeta
fastQCtrimmed 2,fastqScreen
mark_dups,startPE
feature_counts,samtools_bam
fastp_trimming_SE,fastqc
fastqScreen,samtools_bam
fastqc 3,run_star_se
samlon_quant,star_genome
sampleReads,trim_fasq_fastqc
feature_counts,salmon_quant_se
featureCounts 2,map
fastqScreen,salmon_quant_se
starSE,trimgalorePE
generate_genome_star_index,trim_fasq_fastqc
edgeR,starindex
fetch_unique_stringtie,samtools_flagstat
feature_counts,merge_trimmed_PE
samlon_quant,sampleReads
samtools_bam,sort_bams
RNA_SeqC,map
merge_trimmed_PE,rsem_norm
salmon_quant,salmon_quant_pe
merge_trimmed_PE,salmon_quant_pe
expressbam,generate_genome_star_index
featureCounts,sort_bams
picard_rna_seq,salmon_quant
feature_counts,sort_index_bams
samtools_flagstat,startPE
fastqc 2,samlon_quant
fastqc 6,sort_bams
fastqScreen,sort_index_bams
fastQCtrimmed 2,pass2
multiqc 2,trim_fasq_fastqc
fastqc_trimmed,trimgalorePE
run_star_se,tastq_to_bam_HISAT
fastQCtrimmed 2,fastqc 6
bigwig,trim_galore_pe
compare_reference_stringtie,run_multiqc
fastqc_trimmed,featureCounts
sort_index_bams,star_genome
bamindex,salmon_index_extended
DRIMSeq,picard_rna_seq
multiqc 3,picard_rna_seq
fastqctrimmed,trim_galore_pe
run_star_se,salmon_index
salmon_index,trimgaloreSE
cutadapt,trimgaloreSE
salmonPE,sortedbam_to_rmdup
sort_bams,sortedbam_to_rmdup
cutadapt,fastp_trimming_PE
counts_matrix,fastqScreen
star_genome,trim_galore_pe
rsem_norm,trim_fasq_fastqc
feature_counts,samtools_flagstat
fastqc 2,kallistoQuant
merge_trimmed_SE,picard_rna_seq
fastqScreen,samtools_flagstat
fastp_trimming_SE,fastqc 5
fastqc 6,run_star_pe
salmon_index_extended,trim_galore_pe
fastqc 4,multiqc 2
fastqc 3,fastqc 4
fastqctrimmed,rsem_norm
fastqc 5,trimgalorePE
fastqc 3,trimgaloreSE
featureCounts,salmonPE
fastqc 6,salmonPE
fastqc 6,fastqcrim
fastqc 2,pass2
RNA_SeqC,fastqc 2
bamindex,starindex
sortedbam_to_rmdup,trimgalorePE
salmon_quant_pe,starindex
fastqc 5,featureCounts
DRIMseq,generate_genome_star_index
DRIMSeq,tastq_to_bam_HISAT
fastqcrim,salmon_quant_pe
fastqc 2,fastqc 6
samtools_bam,sortedbam_to_counts
sort_index_bams,starSE
salmon_index,sortbam
cutadapt,sortbam
run_star_se,salmonSE
fastqc 4,star_genome
cutadapt,expressbam
salmon_quant,trim_fasq_fastqc
MultiQC,run_star_pe
counts_matrix,pass2
merge_trimmed_SE,tastq_to_bam_HISAT
starSE,trim_galore_pe
featureCounts,sortedbam_to_counts
run_multiqc,tastq_to_bam_HISAT
sortbam,startPE
fastqc 2,fastqc 3
fastqc 6,sortedbam_to_counts
DRIMSeq,salmon_index
compare_reference_stringtie,fetch_unique_stringtie
multiqc 3,sort_index_bams
fastqc 4,sampleReads
fastqc 3,sortbam
MultiQC,fastqcrim
fastp_trimming_PE,fastqc 4
DRIMSeq,fastqctrimmed
cutadapt 2,picard_rna_seq
fastQCtrimmed 2,sort_bams
picard_rna_seq,sort_bams
salmon_quant_se,startPE
DRIMseq,compare_reference_stringtie
DRIMseq,run_star_se
merge_trimmed_SE,salmon_index
fastqc,startPE
run_multiqc,salmon_index
fastqcrim,multiqc 3
pass2,run_star_se
fastqc,fastqc_trimmed
MultiQC,salmon_index_extended
expressbam,trimgaloreSE
fastqc,multiqc 2
fastqc 4,featureCounts 2
cutadapt 2,hisat2
compare_reference_stringtie,fastQCtrimmed 2
expressbam,fastp_trimming_PE
fastp_trimming_PE,fastqc_trimmed
fastp_trimming_SE,fastqScreen
featureCounts 2,trimgalorePE
compare_reference_stringtie,run_star_se
fastp_trimming_PE,multiqc 2
fastqc 4,starSE
sampleReads,trimgaloreSE
sort_index_bams,tximeta
sortbam,star_genome
map,run_star_pe
RNA_SeqC,salmon_index_extended
bamindex,trim_galore_pe
salmon_quant_pe,trim_galore_pe
fetch_unique_stringtie,map
DRIMSeq,salmonSE
multiqc 3,salmonSE
bigwig,trim_fasq_fastqc
fastqc_trimmed,rsem_norm
run_star_se,samlon_quant
picard_rna_seq,run_star_pe
fastqc 3,featureCounts 2
fastqc_trimmed,salmon_quant_pe
fastqc,star_genome
kallistoQuant,picard_rna_seq
MultiQC,starindex
fastqctrimmed,trim_fasq_fastqc
picard_rna_seq,salmonPE
expressbam,sortbam
merge_trimmed_SE,salmonSE
fastp_trimming_PE,star_genome
run_multiqc,salmonSE
fastqc 3,starSE
fastqc 2,sort_bams
fastqc 5,trim_galore_pe
fastqc,sampleReads
map,salmon_index_extended
samlon_quant,samtools_bam
cutadapt 2,sort_index_bams
fastp_trimming_SE,pass2
star_genome,trim_fasq_fastqc
samtools_bam,sortedbam_to_rmdup
sampleReads,sortbam
fastp_trimming_PE,sampleReads
cutadapt 2,fastqctrimmed
rsem_norm,startPE
salmon_index_extended,trim_fasq_fastqc
fastp_trimming_SE,fastqc 6
bigwig,generate_genome_star_index
pass1,pass2
counts_matrix,sort_bams
featureCounts,sortedbam_to_rmdup
fastqc 5,rsem_norm
fastqc 4,tximeta
fastqc 6,sortedbam_to_rmdup
DRIMseq,trimgaloreSE
fastqc 4,feature_counts
picard_rna_seq,sortedbam_to_counts
tastq_to_bam_HISAT,trimgalorePE
DRIMseq,fastp_trimming_PE
fastqc 5,salmon_quant_pe
pass2,trimgaloreSE
fastp_trimming_SE,fastqc 3
cutadapt,feature_counts
feature_counts,map
map,starindex
run_star_se,salmon_quant
fastqScreen,map
hisat2,run_star_se
compare_reference_stringtie,fastqc 4
DRIMSeq,samlon_quant
fastqc 2,salmonPE
starSE,trim_fasq_fastqc
cutadapt 2,salmonSE
bigwig,compare_reference_stringtie
cutadapt,picard_rna_seq
edgeR,generate_genome_star_index
salmon_quant,startPE
starindex,trim_galore_pe
kallistoQuant,sort_index_bams
fastqc 3,tximeta
fastqc 3,feature_counts
edgeR,fetch_unique_stringtie
fastQCtrimmed 2,trimgalorePE
merge_trimmed_PE,startPE
merge_trimmed_SE,samlon_quant
run_multiqc,samlon_quant
fastqc 4,merge_trimmed_SE
DRIMseq,sortbam
fastQCtrimmed 2,featureCounts
featureCounts 2,trim_galore_pe
mark_dups,sort_index_bams
pass2,sortbam
compare_reference_stringtie,multiqc 2
DRIMseq,expressbam
salmonSE,tastq_to_bam_HISAT
samlon_quant,samtools_flagstat
RNA_SeqC,trim_galore_pe
fastqc_trimmed,trim_fasq_fastqc
fastqc 2,sortedbam_to_counts
DRIMSeq,kallistoQuant
edgeR,run_star_se
trim_galore_pe,trimgaloreSE
salmon_index,tastq_to_bam_HISAT
featureCounts 2,rsem_norm
cutadapt,tastq_to_bam_HISAT
kallistoQuant,samtools_flagstat
featureCounts,salmon_quant_pe
run_star_pe,trimgalorePE
bamindex,trim_fasq_fastqc
salmonSE,salmon_index
salmon_quant_pe,trim_fasq_fastqc
DRIMSeq,salmon_quant
fastp_trimming_SE,sort_bams
compare_reference_stringtie,star_genome
kallistoQuant,salmonSE
RNA_SeqC,rsem_norm
fastqc,pass1
map,trim_galore_pe
samtools_flagstat,sort_index_bams
mark_dups,samtools_flagstat
fastqctrimmed,mark_dups
fastp_trimming_PE,pass1
merge_trimmed_SE,salmon_quant
compare_reference_stringtie,sampleReads
fastqc 3,tastq_to_bam_HISAT
cutadapt,salmon_index
run_multiqc,salmon_quant
pass1,sort_bams
fastqScreen,fastqc 2
featureCounts,run_multiqc
mark_dups,salmonSE
fastqc 6,run_multiqc
expressbam,feature_counts
DRIMseq,featureCounts 2
hisat2,trimgaloreSE
fastqcrim,mark_dups
fastqc 5,trim_fasq_fastqc
picard_rna_seq,sortedbam_to_rmdup
fastqc 2,featureCounts
fetch_unique_stringtie,salmon_index_extended
fastqc 4,merge_trimmed_PE
bamindex,generate_genome_star_index
fastQCtrimmed 2,fastp_trimming_SE
fastqcrim,startPE
fastqc 3,salmon_index
featureCounts,multiqc 3
bigwig,trimgaloreSE
expressbam,picard_rna_seq
counts_matrix,trimgalorePE
pass2,starSE
fastqc 6,multiqc 3
star_genome,startPE
bigwig,fastp_trimming_PE
fastp_trimming_PE,merge_trimmed_SE
compare_reference_stringtie,featureCounts 2
counts_matrix,featureCounts
compare_reference_stringtie,starSE
generate_genome_star_index,picard_rna_seq
fastp_trimming_SE,salmonPE
fastqc 4,fastqc 5
sortedbam_to_counts,trimgalorePE
hisat2,sortbam
fetch_unique_stringtie,starindex
pass1,salmonPE
edgeR,fastqc 4
bamindex,compare_reference_stringtie
edgeR,trimgaloreSE
generate_genome_star_index,hisat2
bigwig,sortbam
salmon_quant_se,samtools_bam
edgeR,fastp_trimming_PE
fastqc,samtools_bam
expressbam,tastq_to_bam_HISAT
fastqc 2,sortedbam_to_rmdup
multiqc 2,picard_rna_seq
starindex,trim_fasq_fastqc
bigwig,expressbam
feature_counts,salmon_index_extended
fastp_trimming_SE,sortedbam_to_counts
fastqc,salmon_quant_se
fastqScreen,salmon_index_extended
fastp_trimming_PE,samtools_bam
fastQCtrimmed 2,rsem_norm
fastqc 3,fastqc 5
DRIMseq,feature_counts
fastqc 6,fetch_unique_stringtie
sampleReads,tastq_to_bam_HISAT
pass2,tximeta
featureCounts 2,trim_fasq_fastqc
fastp_trimming_PE,salmon_quant_se
fastqc,merge_trimmed_PE
fastQCtrimmed 2,salmon_quant_pe
generate_genome_star_index,tastq_to_bam_HISAT
expressbam,salmon_index
cutadapt 2,map
pass1,sortedbam_to_counts
fastqc_trimmed,mark_dups
fastp_trimming_PE,merge_trimmed_PE
RNA_SeqC,trim_fasq_fastqc
compare_reference_stringtie,tximeta
salmon_quant_se,sort_index_bams
compare_reference_stringtie,feature_counts
salmonSE,samlon_quant
edgeR,sortbam
salmonPE,star_genome
fastqc_trimmed,startPE
sort_bams,star_genome
picard_rna_seq,run_multiqc
fastp_trimming_SE,trimgalorePE
compare_reference_stringtie,pass1
MultiQC,generate_genome_star_index
edgeR,expressbam
salmonPE,sampleReads
MultiQC,fetch_unique_stringtie
fastqScreen,starindex
fastqc 6,run_star_se
hisat2,starSE
sortedbam_to_counts,sortedbam_to_rmdup
salmon_index,samlon_quant
fastp_trimming_SE,featureCounts
cutadapt,samlon_quant
pass1,trimgalorePE
fetch_unique_stringtie,trim_galore_pe
run_star_pe,salmon_quant_pe
counts_matrix,cutadapt 2
DRIMSeq,run_star_pe
fastqc 5,mark_dups
multiqc 3,run_star_pe
multiqc 2,sort_index_bams
DRIMseq,fastqc
compare_reference_stringtie,merge_trimmed_SE
DRIMseq,tastq_to_bam_HISAT
fastqc 3,samlon_quant
salmon_quant_se,samtools_flagstat
fastqc 2,salmon_quant_pe
DRIMSeq,salmonPE
kallistoQuant,map
expressbam,fastqc 5
salmon_quant_pe,trimgaloreSE
bamindex,trimgaloreSE
fastqc,samtools_flagstat
DRIMSeq,fastqcrim
fastqc 5,startPE
bamindex,fastp_trimming_PE
fetch_unique_stringtie,rsem_norm
tastq_to_bam_HISAT,trim_fasq_fastqc
MultiQC,compare_reference_stringtie
salmonPE,starSE
MultiQC,run_star_se
merge_trimmed_SE,run_star_pe
sort_bams,starSE
run_multiqc,run_star_pe
fastp_trimming_PE,samtools_flagstat
compare_reference_stringtie,fastqc
trim_fasq_fastqc,trimgalorePE
sortedbam_to_rmdup,startPE
salmonSE,salmon_quant
counts_matrix,rsem_norm
generate_genome_star_index,salmonSE
edgeR,featureCounts 2
merge_trimmed_SE,salmonPE
DRIMseq,salmon_index
cutadapt,kallistoQuant
fastqc 2,run_multiqc
pass2,salmon_index
multiqc 3,salmon_index_extended
counts_matrix,salmon_quant_pe
cutadapt 2,fastqc 2
edgeR,starSE
fastqc 4,pass2
rsem_norm,sort_index_bams
salmon_index,salmon_quant
cutadapt,salmon_quant
hisat2,tximeta
fastqc 4,fastqc 6
fastqc 3,kallistoQuant
counts_matrix,edgeR
fastqc 2,multiqc 3
bamindex,sortbam
feature_counts,trim_galore_pe
salmon_quant_pe,sortbam
multiqc 2,salmonSE
compare_reference_stringtie,samtools_bam
fastqScreen,trim_galore_pe
pass1,sortedbam_to_rmdup
bigwig,feature_counts
bamindex,expressbam
compare_reference_stringtie,salmon_quant_se
samtools_bam,startPE
map,run_star_se
fastqc 3,pass2
compare_reference_stringtie,merge_trimmed_PE
multiqc 3,starindex
expressbam,samlon_quant
bigwig,picard_rna_seq
featureCounts 2,mark_dups
cutadapt,fastqc 3
cutadapt 2,run_star_pe
feature_counts,rsem_norm
fastqc 3,fastqc 6
salmonPE,tximeta
sort_bams,tximeta
fastqScreen,rsem_norm
featureCounts,startPE
rsem_norm,samtools_flagstat
DRIMseq,fastqc 5
salmon_quant,sort_index_bams
picard_rna_seq,run_star_se
merge_trimmed_PE,sort_index_bams
run_star_pe,trim_fasq_fastqc
fastqctrimmed,picard_rna_seq
cutadapt 2,fastqcrim
expressbam,fastqScreen
rsem_norm,salmonSE
featureCounts,multiqc 2
generate_genome_star_index,samlon_quant
fastqc 6,multiqc 2
starindex,trimgaloreSE
edgeR,tximeta
edgeR,feature_counts
MultiQC,fastqc 4
MultiQC,trimgaloreSE
compare_reference_stringtie,fastqc 5
hisat2,tastq_to_bam_HISAT
fastqctrimmed,hisat2
MultiQC,fastp_trimming_PE
cutadapt 2,salmon_index_extended
samtools_bam,star_genome
expressbam,kallistoQuant
fastqcrim,hisat2
fastp_trimming_SE,salmon_quant_pe
bigwig,tastq_to_bam_HISAT
fetch_unique_stringtie,trim_fasq_fastqc
salmon_quant,samtools_flagstat
featureCounts,star_genome
RNA_SeqC,fastp_trimming_PE
hisat2,salmon_index
fastqc 6,star_genome
merge_trimmed_PE,samtools_flagstat
expressbam,salmon_quant
kallistoQuant,run_star_pe
pass1,salmon_quant_pe
fastqc 4,sort_bams
merge_trimmed_PE,salmonSE
featureCounts,sampleReads
fastqcrim,salmon_quant_se
fastqc 6,sampleReads
bigwig,salmon_index
MultiQC,sortbam
DRIMSeq,sortedbam_to_rmdup
expressbam,fastqc 6
DRIMseq,samlon_quant
samlon_quant,trimgalorePE
salmon_index,sort_bams
cutadapt 2,starindex
generate_genome_star_index,salmon_quant
map,trimgaloreSE
MultiQC,expressbam
fastqctrimmed,sort_index_bams
salmon_index_extended,tastq_to_bam_HISAT
edgeR,fastqc
pass1,run_multiqc
fetch_unique_stringtie,generate_genome_star_index
edgeR,tastq_to_bam_HISAT
fastp_trimming_SE,multiqc 3
merge_trimmed_SE,sortedbam_to_rmdup
DRIMseq,fastqScreen
kallistoQuant,salmon_index_extended
expressbam,fastqc 3
fastqcrim,sort_index_bams
fastqc 6,featureCounts 2
salmonPE,samtools_bam
fastqc 3,sort_bams
fastqcrim,fastqctrimmed
fastQCtrimmed 2,mark_dups
fastqc,map
salmonPE,salmon_quant_se
fastqc 6,starSE
multiqc 2,salmon_quant
mark_dups,salmon_index_extended
edgeR,salmon_index
bamindex,feature_counts
feature_counts,trim_fasq_fastqc
compare_reference_stringtie,fastqScreen
fastqScreen,trim_fasq_fastqc
fastQCtrimmed 2,startPE
DRIMseq,kallistoQuant
fastQCtrimmed 2,fastqc_trimmed
map,sortbam
fastqc 4,salmonPE
cutadapt,run_star_pe
bigwig,fastqc 5
bamindex,picard_rna_seq
sort_index_bams,trimgalorePE
fastqc_trimmed,hisat2
MultiQC,featureCounts 2
kallistoQuant,starindex
DRIMseq,salmon_quant
cutadapt,salmonPE
fastqctrimmed,salmonSE
cutadapt,fastqcrim
fastqcrim,samtools_flagstat
MultiQC,starSE
DRIMseq,fastqc 6
mark_dups,starindex
fastqScreen,generate_genome_star_index
fastqc 3,salmonPE
fastqc 5,picard_rna_seq
run_star_pe,startPE
fastqc 4,sortedbam_to_counts
compare_reference_stringtie,pass2
picard_rna_seq,star_genome
expressbam,sort_bams
DRIMseq,fastqc 3
edgeR,fastqc 5
salmon_index,sortedbam_to_counts
fastqc 6,tximeta
cutadapt,sortedbam_to_counts
compare_reference_stringtie,fastqc 6
picard_rna_seq,sampleReads
DRIMSeq,run_multiqc
salmon_quant_pe,tastq_to_bam_HISAT
bamindex,tastq_to_bam_HISAT
fastqc 2,startPE
fastqc 5,hisat2
hisat2,samlon_quant
featureCounts,pass1
fastqc_trimmed,sort_index_bams
salmonSE,starindex
fastqc 6,pass1
fastqc 2,fastqc_trimmed
fastqc_trimmed,fastqctrimmed
fastqc,fastqc 2
fastqc 2,multiqc 2
counts_matrix,mark_dups
samlon_quant,trim_galore_pe
fastqc 3,sortedbam_to_counts
samtools_flagstat,starindex
fastqc 4,trimgalorePE
bigwig,samlon_quant
merge_trimmed_SE,run_multiqc
bamindex,salmon_index
counts_matrix,startPE
fastqc 4,featureCounts
fastqctrimmed,samlon_quant
MultiQC,tximeta
MultiQC,feature_counts
featureCounts,merge_trimmed_SE
counts_matrix,fastqc_trimmed
fastqc 6,merge_trimmed_SE
picard_rna_seq,starSE
expressbam,run_star_pe
fetch_unique_stringtie,trimgaloreSE
fastqc 2,star_genome
hisat2,kallistoQuant
fastqc_trimmed,samtools_flagstat
expressbam,salmonPE
mark_dups,trim_galore_pe
fastqc 5,sort_index_bams
expressbam,fastqcrim
sortedbam_to_counts,startPE
salmon_index_extended,samlon_quant
fastqc 5,fastqctrimmed
fastqc_trimmed,salmonSE
featureCounts 2,picard_rna_seq
edgeR,samlon_quant
fastqc 2,sampleReads
bigwig,kallistoQuant
fastqc 3,featureCounts
generate_genome_star_index,run_star_pe
hisat2,salmon_quant
DRIMseq,sort_bams
hisat2,pass2
RNA_SeqC,picard_rna_seq
sortbam,trimgalorePE
pass2,sort_bams
edgeR,fastqScreen
DRIMSeq,fetch_unique_stringtie
bigwig,salmon_quant
featureCounts 2,hisat2
bamindex,fastqc 5
featureCounts,samtools_bam
fetch_unique_stringtie,sortbam
expressbam,sortedbam_to_counts
fastqc 6,samtools_bam
compare_reference_stringtie,sort_bams
RNA_SeqC,hisat2
multiqc 2,run_star_pe
starindex,tastq_to_bam_HISAT
fastqctrimmed,salmon_quant
fastqc,trimgalorePE
bigwig,fastqc 6
samtools_flagstat,trim_galore_pe
MultiQC,fastqc
featureCounts,salmon_quant_se
generate_genome_star_index,salmon_index_extended
fastqc 5,samtools_flagstat
fastqc 6,salmon_quant_se
MultiQC,tastq_to_bam_HISAT
counts_matrix,cutadapt
salmon_index,sortedbam_to_rmdup
fastp_trimming_PE,trimgalorePE
cutadapt,sortedbam_to_rmdup
picard_rna_seq,tximeta
fastp_trimming_SE,mark_dups
edgeR,kallistoQuant
featureCounts,merge_trimmed_PE
fastqc 5,salmonSE
fastqc 6,merge_trimmed_PE
DRIMSeq,fastQCtrimmed 2
fastqScreen,trimgaloreSE
bigwig,fastqc 3
DRIMSeq,compare_reference_stringtie
salmon_index_extended,salmon_quant
DRIMSeq,run_star_se
multiqc 3,run_star_se
fastp_trimming_SE,startPE
RNA_SeqC,tastq_to_bam_HISAT
MultiQC,salmon_index
fastqc 3,sortedbam_to_rmdup
multiqc 2,salmon_index_extended
fastp_trimming_SE,fastqc_trimmed
edgeR,pass2
salmon_quant_se,starindex
rsem_norm,run_star_pe
DRIMseq,fastqcrim
featureCounts 2,sort_index_bams
pass1,startPE
pass2,salmonPE
trimgalorePE,tximeta
merge_trimmed_SE,run_star_se
edgeR,fastqc 6
fastqcrim,map
run_multiqc,run_star_se
generate_genome_star_index,starindex
RNA_SeqC,salmon_index
run_star_se,trimgaloreSE
bamindex,samlon_quant
RNA_SeqC,fastqctrimmed
salmon_quant_pe,samlon_quant
map,tastq_to_bam_HISAT
samtools_bam,samtools_flagstat
samlon_quant,trim_fasq_fastqc
fastqScreen,sortbam
edgeR,fastqc 3
cutadapt 2,generate_genome_star_index
cutadapt 2,fetch_unique_stringtie
DRIMseq,sortedbam_to_counts
rsem_norm,salmon_index_extended
multiqc 2,starindex
featureCounts,samtools_flagstat
pass2,sortedbam_to_counts
fastqc 4,salmon_quant_pe
map,salmon_index
hisat2,sort_bams
fastqc 2,pass1
pass1,star_genome
MultiQC,fastqc 5
fastQCtrimmed 2,hisat2
run_star_se,sortbam
featureCounts 2,salmonSE
sortbam,trim_galore_pe
mark_dups,trim_fasq_fastqc
pass1,sampleReads
bamindex,kallistoQuant
expressbam,sortedbam_to_rmdup
RNA_SeqC,salmonSE
cutadapt 2,run_star_se
picard_rna_seq,samtools_bam
DRIMSeq,fastqc 4
fastqc 3,salmon_quant_pe
pass2,trimgalorePE
run_star_se,star_genome
salmon_quant_se,trim_galore_pe
cutadapt,run_multiqc
rsem_norm,starindex
expressbam,fastp_trimming_SE
picard_rna_seq,salmon_quant_se
multiqc 3,trimgaloreSE
fastqc 2,merge_trimmed_SE
sampleReads,sortedbam_to_rmdup
bamindex,salmon_quant
fastqc,trim_galore_pe
sort_index_bams,trim_fasq_fastqc
merge_trimmed_PE,salmon_index_extended
fastqc 4,multiqc 3
compare_reference_stringtie,counts_matrix
fastp_trimming_PE,trim_galore_pe
compare_reference_stringtie,trimgalorePE
fastqc_trimmed,map
bamindex,fastqc 6
cutadapt,multiqc 3
run_multiqc,trimgaloreSE
fastqc 3,run_multiqc
edgeR,sort_bams
compare_reference_stringtie,featureCounts
samtools_flagstat,trim_fasq_fastqc
fastQCtrimmed 2,sort_index_bams
hisat2,salmonPE
DRIMSeq,multiqc 2
fastqc,rsem_norm
bigwig,run_star_pe
fastQCtrimmed 2,fastqctrimmed
fetch_unique_stringtie,picard_rna_seq
bamindex,fastqc 3
MultiQC,samlon_quant
fastp_trimming_PE,rsem_norm
fastqc 3,multiqc 3
bigwig,salmonPE
multiqc 3,sortbam
bigwig,fastqcrim
salmon_quant,starindex
fastqctrimmed,run_star_pe
kallistoQuant,run_star_se
merge_trimmed_SE,multiqc 2
featureCounts 2,samlon_quant
merge_trimmed_PE,starindex
run_star_se,starSE
fastqc 2,samtools_bam
MultiQC,fastqScreen
RNA_SeqC,samlon_quant
fastqc 2,salmon_quant_se
hisat2,sortedbam_to_counts
run_multiqc,sortbam
fastqc 5,map
DRIMSeq,star_genome
counts_matrix,hisat2
DRIMseq,sortedbam_to_rmdup
fastqc 6,pass2
pass2,sortedbam_to_rmdup
run_star_pe,sort_index_bams
fastqc 2,merge_trimmed_PE
fastQCtrimmed 2,samtools_flagstat
DRIMseq,fastp_trimming_SE
DRIMSeq,sampleReads
rsem_norm,trim_galore_pe
bigwig,sortedbam_to_counts
cutadapt,fetch_unique_stringtie
fastqctrimmed,salmon_index_extended
cutadapt 2,trimgaloreSE
fastQCtrimmed 2,salmonSE
merge_trimmed_SE,star_genome
fetch_unique_stringtie,tastq_to_bam_HISAT
run_multiqc,star_genome
MultiQC,kallistoQuant
edgeR,salmonPE
cutadapt 2,fastp_trimming_PE
fastp_trimming_SE,pass1
expressbam,run_multiqc
map,samlon_quant
fastqcrim,salmon_index_extended
merge_trimmed_SE,sampleReads
compare_reference_stringtie,fastp_trimming_SE
feature_counts,picard_rna_seq
fastqScreen,picard_rna_seq
fetch_unique_stringtie,salmon_index
RNA_SeqC,kallistoQuant
MultiQC,pass2
DRIMSeq,featureCounts 2
bigwig,counts_matrix
featureCounts 2,salmon_quant
cutadapt,fastQCtrimmed 2
expressbam,multiqc 3
run_star_se,tximeta
MultiQC,fastqc 6
run_star_pe,samtools_flagstat
DRIMSeq,starSE
multiqc 3,starSE
cutadapt,run_star_se
counts_matrix,sort_index_bams
edgeR,sortedbam_to_counts
feature_counts,hisat2
RNA_SeqC,salmon_quant
sortbam,trim_fasq_fastqc
counts_matrix,fastqctrimmed
fastqctrimmed,starindex
salmon_quant,trim_galore_pe
run_star_pe,salmonSE
cutadapt 2,sortbam
compare_reference_stringtie,cutadapt 2
merge_trimmed_PE,trim_galore_pe
fastqcrim,starindex
merge_trimmed_SE,starSE
cutadapt 2,expressbam
MultiQC,fastqc 3
featureCounts,map
fastqc 2,samtools_flagstat
sort_bams,trimgalorePE
salmonPE,trimgalorePE
salmon_quant_se,trim_fasq_fastqc
run_multiqc,starSE
star_genome,starindex
kallistoQuant,trimgaloreSE
fastqc,trim_fasq_fastqc
fastqc_trimmed,run_star_pe
salmon_index_extended,starindex
feature_counts,tastq_to_bam_HISAT
sort_index_bams,startPE
pass2,salmon_quant_pe
fastqScreen,tastq_to_bam_HISAT
fastp_trimming_PE,trim_fasq_fastqc
map,salmon_quant
fastp_trimming_SE,hisat2
mark_dups,trimgaloreSE
fetch_unique_stringtie,salmonSE
DRIMseq,edgeR
counts_matrix,samtools_flagstat
bamindex,run_star_pe
DRIMseq,bigwig
compare_reference_stringtie,salmon_quant_pe
edgeR,featureCounts
DRIMseq,run_multiqc
fastp_trimming_SE,samtools_bam
expressbam,fetch_unique_stringtie
counts_matrix,salmonSE
hisat2,sortedbam_to_rmdup
bamindex,salmonPE
fastqScreen,salmon_index
pass2,run_multiqc
bamindex,fastqcrim
fastp_trimming_SE,salmon_quant_se
fastqc_trimmed,salmon_index_extended
DRIMSeq,tximeta
fastqScreen,fastqctrimmed
multiqc 3,tximeta
DRIMSeq,feature_counts
kallistoQuant,sortbam
compare_reference_stringtie,edgeR
pass1,samtools_bam
bigwig,sortedbam_to_rmdup
cutadapt 2,featureCounts 2
fastp_trimming_SE,merge_trimmed_PE
salmonSE,trimgaloreSE
starSE,starindex
DRIMseq,multiqc 3
pass1,salmon_quant_se
fastqc 5,run_star_pe
cutadapt 2,starSE
bigwig,fastp_trimming_SE
samtools_flagstat,trimgaloreSE
merge_trimmed_SE,tximeta
fastqc 4,mark_dups
mark_dups,sortbam
run_multiqc,tximeta
expressbam,fastQCtrimmed 2
cutadapt,fastqc 4
fastqc 5,fastqcrim
fastp_trimming_SE,sort_index_bams
bamindex,sortedbam_to_counts
salmon_quant_pe,sortedbam_to_counts
expressbam,run_star_se
compare_reference_stringtie,multiqc 3
MultiQC,sort_bams
fastqcrim,trim_galore_pe
fastqc 4,startPE
merge_trimmed_SE,pass1
fastqc 4,fastqc_trimmed
fastqc_trimmed,starindex
pass1,sort_index_bams
DRIMSeq,merge_trimmed_SE
feature_counts,salmonSE
fastqc 5,salmon_index_extended
edgeR,sortedbam_to_rmdup
fastqScreen,salmonSE
generate_genome_star_index,run_star_se
fetch_unique_stringtie,samlon_quant
salmonSE,sortbam
cutadapt,multiqc 2
bamindex,counts_matrix
fastqcrim,rsem_norm
edgeR,fastp_trimming_SE
samtools_flagstat,sortbam
DRIMSeq,fastqc
fastqc 3,startPE
DRIMseq,fetch_unique_stringtie
fastQCtrimmed 2,map
multiqc 3,tastq_to_bam_HISAT
hisat2,salmon_quant_pe
fastp_trimming_SE,samtools_flagstat
fastqc 3,fastqc_trimmed
multiqc 2,run_star_se
fastqc 3,multiqc 2
cutadapt 2,tximeta
cutadapt 2,feature_counts
map,sort_bams
merge_trimmed_PE,trim_fasq_fastqc
pass1,samtools_flagstat
fastqc 5,starindex
multiqc 3,salmon_index
salmon_index,star_genome
cutadapt,star_genome
featureCounts 2,run_star_pe
MultiQC,salmonPE
fastqc,mark_dups
fetch_unique_stringtie,kallistoQuant
hisat2,run_multiqc
sortedbam_to_rmdup,starindex
DRIMseq,fastQCtrimmed 2
RNA_SeqC,run_star_pe
salmon_index,sampleReads
samtools_bam,trimgalorePE
cutadapt,sampleReads
fastp_trimming_PE,mark_dups
salmonPE,salmon_quant_pe
bigwig,run_multiqc
fetch_unique_stringtie,salmon_quant
fastqc 3,star_genome
DRIMSeq,merge_trimmed_PE
RNA_SeqC,fastqcrim
hisat2,multiqc 3
expressbam,fastqc 4
feature_counts,samlon_quant
fastp_trimming_PE,startPE
rsem_norm,run_star_se
fastqc_trimmed,trim_galore_pe
fastqScreen,samlon_quant
featureCounts,trimgalorePE
fastqc 6,trimgalorePE
salmonSE,starSE
featureCounts 2,salmon_index_extended
fastqc 3,sampleReads
MultiQC,sortedbam_to_counts
edgeR,salmon_quant_pe
fastqc 2,map
salmon_quant_se,trimgaloreSE
bigwig,multiqc 3
cutadapt,featureCounts 2
fastqc 6,featureCounts
bamindex,sortedbam_to_rmdup
salmon_quant_pe,sortedbam_to_rmdup
generate_genome_star_index,trimgaloreSE
salmon_index,starSE
cutadapt,starSE
map,salmonPE
cutadapt 2,fastqc
bamindex,fastp_trimming_SE
cutadapt 2,tastq_to_bam_HISAT
DRIMSeq,fastqc 5
expressbam,multiqc 2
fastQCtrimmed 2,fastqc 2
edgeR,run_multiqc
counts_matrix,map
MultiQC,counts_matrix
fastqScreen,kallistoQuant
featureCounts 2,starindex
multiqc 2,trimgaloreSE
cutadapt 2,salmon_index
fastqcrim,trim_fasq_fastqc
edgeR,multiqc 3
salmon_quant_se,sortbam
MultiQC,featureCounts
mark_dups,picard_rna_seq
feature_counts,salmon_quant
sortedbam_to_rmdup,trim_galore_pe
RNA_SeqC,starindex
map,sortedbam_to_counts
fastqScreen,salmon_quant
expressbam,star_genome
generate_genome_star_index,sortbam
bigwig,fetch_unique_stringtie
salmonSE,tximeta
DRIMseq,fastqc 4
expressbam,sampleReads
sampleReads,star_genome
fastqctrimmed,generate_genome_star_index
fastqctrimmed,fetch_unique_stringtie
kallistoQuant,tastq_to_bam_HISAT
salmon_index,tximeta
cutadapt,tximeta
rsem_norm,trimgaloreSE
samlon_quant,sort_index_bams
fastqc 4,pass1
fastqcrim,generate_genome_star_index
salmonPE,trim_fasq_fastqc
sort_bams,trim_fasq_fastqc
multiqc 2,sortbam
multiqc 3,samlon_quant
pass2,startPE
samtools_bam,trim_galore_pe
bigwig,fastQCtrimmed 2
cutadapt,pass1
mark_dups,tastq_to_bam_HISAT
compare_reference_stringtie,mark_dups
expressbam,featureCounts 2
DRIMseq,multiqc 2
kallistoQuant,salmon_index
bigwig,run_star_se
fastQCtrimmed 2,salmon_index_extended
cutadapt 2,fastqc 5
picard_rna_seq,trimgalorePE
DRIMSeq,fastqScreen
MultiQC,sortedbam_to_rmdup
expressbam,starSE
compare_reference_stringtie,startPE
bamindex,bigwig
featureCounts,trim_galore_pe
counts_matrix,fastqc 2
bamindex,run_multiqc
fastqctrimmed,run_star_se
fastqc 3,pass1
compare_reference_stringtie,fastqc_trimmed
mark_dups,salmon_index
fastp_trimming_SE,map
MultiQC,fastp_trimming_SE
sampleReads,starSE
cutadapt,merge_trimmed_SE
rsem_norm,sortbam
salmon_quant,trimgaloreSE
generate_genome_star_index,starSE
merge_trimmed_PE,trimgaloreSE
bamindex,multiqc 3
DRIMseq,star_genome
edgeR,fastQCtrimmed 2
samtools_flagstat,tastq_to_bam_HISAT
featureCounts,rsem_norm
pass2,star_genome
fastqc 6,rsem_norm
cutadapt,fastqc
run_star_pe,salmon_index_extended
fastQCtrimmed 2,starindex
fastqc 3,merge_trimmed_SE
DRIMseq,sampleReads
fetch_unique_stringtie,run_star_pe
fastqc 6,salmon_quant_pe
multiqc 3,salmon_quant
fastqc 4,hisat2
pass2,sampleReads
DRIMSeq,pass2
multiqc 3,pass2
multiqc 2,starSE
map,sortedbam_to_rmdup
fastqc 4,samtools_bam
DRIMSeq,fastqc 6
fastqc 2,trimgalorePE
cutadapt 2,samlon_quant
fastqc_trimmed,generate_genome_star_index
salmon_quant,sortbam
merge_trimmed_SE,pass2
fastqc 4,salmon_quant_se
expressbam,tximeta
salmon_index,samtools_bam
merge_trimmed_PE,sortbam
cutadapt,samtools_bam
startPE,trimgalorePE
compare_reference_stringtie,cutadapt
DRIMSeq,fastqc 3
salmon_index,salmon_quant_se
cutadapt,salmon_quant_se
DRIMseq,starSE
sampleReads,tximeta
cutadapt 2,fastqScreen
expressbam,pass1
run_star_pe,starindex
bigwig,fastqc 4
MultiQC,salmon_quant_pe
sortedbam_to_rmdup,trim_fasq_fastqc
tastq_to_bam_HISAT,trim_galore_pe
counts_matrix,salmon_index_extended
bamindex,fetch_unique_stringtie
generate_genome_star_index,tximeta
run_star_se,sort_bams
cutadapt,merge_trimmed_PE
fastqc 3,samtools_bam
fastp_trimming_SE,fastqc 2
fastqc 4,sort_index_bams
MultiQC,edgeR
fastqctrimmed,trimgaloreSE
fastqc,picard_rna_seq
fastqc 3,salmon_quant_se
hisat2,multiqc 2
MultiQC,bigwig
MultiQC,run_multiqc
feature_counts,run_star_pe
cutadapt 2,kallistoQuant
fastqScreen,run_star_pe
fastp_trimming_PE,picard_rna_seq
fastqcrim,trimgaloreSE
expressbam,merge_trimmed_SE
fastqc 3,merge_trimmed_PE
fastqc 5,generate_genome_star_index
star_genome,trimgaloreSE
bigwig,multiqc 2
fastqc 5,fetch_unique_stringtie
