,cutadapt(smallRNASeq-main).py,cutadapt.py,fastqc (RNA seq flow).py,fastqc (RNAFlow).py,fastqc(smallRNASeq-main).py,fastqc.py,fastqctrim.py,fastqctrimmed.py,multiqc(smallRNASeq-main).py,multiqc.py,trimgalorePE.py,trimgaloreSE.py,trim_fastq_fastqc.py,trim_galore_pe.py
cutadapt(smallRNASeq-main).py,SS,VS,VS,VS,VS,VS,VS,VS,VS,VS,VS,VS,VS,VS
cutadapt.py,VS,SS,VS,VS,VS,VS,VS,VS,VS,VS,VS,VS,VS,VS
fastqc (RNA seq flow).py,VS,VS,SS,VS,VS,VS,VS,VS,VS,VS,VS,VS,VS,VS
fastqc (RNAFlow).py,VS,VS,VS,SS,VS,VS,VS,VS,VS,VS,VS,VS,VS,VS
fastqc(smallRNASeq-main).py,VS,VS,VS,VS,SS,VS,VS,VS,VS,VS,VS,VS,VS,VS
fastqc.py,VS,VS,VS,VS,VS,SS,VS,VS,VS,VS,VS,VS,VS,VS
fastqctrim.py,VS,VS,VS,VS,VS,VS,SS,VS,VS,VS,VS,VS,VS,VS
fastqctrimmed.py,VS,VS,VS,VS,VS,VS,VS,SS,VS,VS,VS,VS,VS,VS
multiqc(smallRNASeq-main).py,VS,VS,VS,VS,VS,VS,VS,VS,SS,VS,VS,VS,VS,VS
multiqc.py,VS,VS,VS,VS,VS,VS,VS,VS,VS,SS,VS,VS,VS,VS
trimgalorePE.py,VS,VS,VS,VS,VS,VS,VS,VS,VS,VS,SS,VS,VS,VS
trimgaloreSE.py,VS,VS,VS,VS,VS,VS,VS,VS,VS,VS,VS,SS,VS,VS
trim_fastq_fastqc.py,VS,VS,VS,VS,VS,VS,VS,VS,VS,VS,VS,VS,SS,VS
trim_galore_pe.py,VS,VS,VS,VS,VS,VS,VS,VS,VS,VS,VS,VS,VS,SS
